[
  {
    "question": "The last concert performance by The Beatles occurred in which city",
    "a": "London",
    "b": "New York",
    "c": "Tokyo",
    "d": "San Francisco",
    "answer": "d"
  },
  {
    "question": "What role did Peter Lorre play in the film \"Casablanca\"?",
    "a": "Hartley",
    "b": "Ugarte",
    "c": "Sam",
    "d": "The Fat Man",
    "answer": "b"
  },
  {
    "question": "The spaceship piloted by Han Solo in \"Star Wars\" was called The...",
    "a": "Milky Way",
    "b": "Maltese Falcon",
    "c": "Millenium Falcon",
    "d": "Falcon Starship",
    "answer": "c"
  },
  {
    "question": "With which vocal group did singer Lionel Ritchie originally perform?",
    "a": "The Four Tops",
    "b": "Earth, Wind & Fire",
    "c": "The Commodores",
    "d": "Kool & The Gang",
    "answer": "c"
  },
  {
    "question": "Rodney Dangerfield left what career to return to show business?",
    "a": "Bartending",
    "b": "Paint salesman",
    "c": "Car salesman",
    "d": "Shoe salesman",
    "answer": "b"
  },
  {
    "question": "Which of the following actors did NOT appear in \"The Big Chill\"?",
    "a": "Kevin Kline",
    "b": "Tom Berenger",
    "c": "Jeff Goldblum",
    "d": "John Hirt",
    "answer": "d"
  },
  {
    "question": "Who directed Michael Jackson's video movie, \"Thriller\"?",
    "a": "Michael Peters",
    "b": "John Landis",
    "c": "Steven Spielberg",
    "d": "Don King",
    "answer": "b"
  },
  {
    "question": "In which city is Jim Morrison, lead singer of The Doors, buried?",
    "a": "San Francisco",
    "b": "Los Angeles",
    "c": "Paris",
    "d": "Berlin",
    "answer": "c"
  },
  {
    "question": "Who co-starred in \"Ghostbusters\" with Bill Murray and Dan Akroyd?",
    "a": "Tony Roberts",
    "b": "Joe Piscopo",
    "c": "Brian Doyle-Murray",
    "d": "Harold Ramis",
    "answer": "d"
  },
  {
    "question": "What is \"Dirty Harry's\" last name?",
    "a": "O'Connor",
    "b": "Castanza",
    "c": "Calhoun",
    "d": "Callahan",
    "answer": "d"
  },
  {
    "question": "In what 1960's television series did Troy Donahue star?",
    "a": "77 Sunset Strip",
    "b": "Surfside 6",
    "c": "Route 66",
    "d": "Shindig",
    "answer": "b"
  },
  {
    "question": "Who performs the theme song for the movie, \"Ghostbusters\"?",
    "a": "Jr. Walker",
    "b": "Graham Parker",
    "c": "Ray Parker, Jr.",
    "d": "Charlie Parker",
    "answer": "c"
  },
  {
    "question": "What nazi concentration camp was depicted in \"Sophie's Choice\"?",
    "a": "Buchenwald",
    "b": "Dachau",
    "c": "Auschwitz",
    "d": "Dresden",
    "answer": "c"
  },
  {
    "question": "Who is the female co-host of TV's syndicated \"Entertainment Tonight\"",
    "a": "Jane Pauley",
    "b": "Mary Hart",
    "c": "Maria Shriver",
    "d": "Cathy Lee Crosby",
    "answer": "b"
  },
  {
    "question": "In which continent did \"Raiders of the Lost Ark\" begin?",
    "a": "Africa",
    "b": "North America",
    "c": "Asia",
    "d": "South America",
    "answer": "d"
  },
  {
    "question": "In what picture did Mickey Mouse make his film debut?",
    "a": "Steamboat Willie",
    "b": "County Fair",
    "c": "A Mouse is Born",
    "d": "House Mouse",
    "answer": "a"
  },
  {
    "question": "Which television series does not regularly feature John Forsythe?",
    "a": "Dynasty",
    "b": "Charlie's Angels",
    "c": "Bachelor Father",
    "d": "Family Affair",
    "answer": "d"
  },
  {
    "question": "What is the popular name of Beethoven's \"Choral Symphony\"?",
    "a": "The Ninth Symphony",
    "b": "Eroica",
    "c": "The Fifth Symphony",
    "d": "Unfinished Symphony",
    "answer": "a"
  },
  {
    "question": "What is the name of the character played by Drew Barrymore in \"E.T.\"",
    "a": "Elliot",
    "b": "E.T.",
    "c": "Buffie",
    "d": "Gertie",
    "answer": "d"
  },
  {
    "question": "Whose address is 221-B Baker St.?",
    "a": "Paul McCartney",
    "b": "Ian Fleming",
    "c": "Sherlock Holmes",
    "d": "Agatha Christie",
    "answer": "c"
  },
  {
    "question": "What film won the Academy Award for Best Film in 1983?",
    "a": "Terms of Endearment",
    "b": "The Right Stuff",
    "c": "Ghandi",
    "d": "Sophie's Choice",
    "answer": "a"
  },
  {
    "question": "Who wrote the song White Christmas?",
    "a": "Bing Crosby",
    "b": "Hoagy Carmichael",
    "c": "Irving Berlin",
    "d": "Marvin Hamlisch",
    "answer": "c"
  },
  {
    "question": "Ed Sullivan played himself in the film musical entitled...",
    "a": "On the Town",
    "b": "Grease",
    "c": "Toast of the Town",
    "d": "Bye, Bye, Birdie",
    "answer": "d"
  },
  {
    "question": "Which of the witches was killed when Dorothy's house landed in Oz?",
    "a": "Witch of the North",
    "b": "Witch of the South",
    "c": "Witch of the West",
    "d": "Witch of the East",
    "answer": "d"
  },
  {
    "question": "In which country did the original \"It Takes a Thief\" film take place",
    "a": "Monaco",
    "b": "France",
    "c": "Switzerland",
    "d": "England",
    "answer": "a"
  },
  {
    "question": "Who wrote the theme song for the Tonight Show, \"Here's Johnny\"?",
    "a": "Johnny Carson",
    "b": "Paul Anka",
    "c": "Sammy Cahn",
    "d": "Paul McCartney",
    "answer": "b"
  },
  {
    "question": "How many times has Katherine Hepburn been married?",
    "a": "None",
    "b": "Once only",
    "c": "Twice",
    "d": "6 times",
    "answer": "b"
  },
  {
    "question": "George Harrison lost a plagiarism suit for which of his songs?",
    "a": "Isn't it a Pity",
    "b": "Crackerbox Palace",
    "c": "He's So Fine",
    "d": "My Sweet Lord",
    "answer": "d"
  },
  {
    "question": "What was the name of the high school in \"Grease\"?",
    "a": "Beaumont High",
    "b": "Presley High",
    "c": "Rydell High",
    "d": "Holly High",
    "answer": "c"
  },
  {
    "question": "Who played the female lead in Saturday Night Fever?",
    "a": "Karen Allen",
    "b": "Olivia Newton John",
    "c": "Karen Lynn Gorney",
    "d": "Lynn Allen Gore",
    "answer": "c"
  },
  {
    "question": "What was the first color film to win the Best Picture Oscar?",
    "a": "Snow White",
    "b": "Gone with the Wind",
    "c": "Ben Hur",
    "d": "The 10 Commandments",
    "answer": "b"
  },
  {
    "question": "What fashion designer is the winner of 11 academy awards?",
    "a": "Yves St. Laurent",
    "b": "Bill Blass",
    "c": "Pierre Cardin",
    "d": "Edith Head",
    "answer": "d"
  },
  {
    "question": "What famous guitarist formed the group Derek and the Dominoes?",
    "a": "Derek Taylor",
    "b": "Mick Taylor",
    "c": "Eric Clapton",
    "d": "Keith Richards",
    "answer": "c"
  },
  {
    "question": "What black comic always had a poem for his audience?",
    "a": "Flip Wilson",
    "b": "Nipsy Russell",
    "c": "Bill Cosby",
    "d": "Richard Pryor",
    "answer": "b"
  },
  {
    "question": "Who portrayed Audra Barkley on The Big Valley?",
    "a": "Linda Evans",
    "b": "Barbara Stanwyck",
    "c": "Irene Ryan",
    "d": "Jane Wyman",
    "answer": "a"
  },
  {
    "question": "What time did \"Little Susie\" have to be home?",
    "a": "Ten",
    "b": "Eleven",
    "c": "Nine",
    "d": "Twelve",
    "answer": "a"
  },
  {
    "question": "What comic immortalized the line, \"Take my wife...please.\"?",
    "a": "Rodney Dangerfield",
    "b": "Henny Youngman",
    "c": "George Burns",
    "d": "Bob Hope",
    "answer": "b"
  },
  {
    "question": "Who was the executive producer of both The Fugitive and The FBI?",
    "a": "Richard Kimble",
    "b": "Efram Zimbalist, Jr",
    "c": "Quinn Martin",
    "d": "Jack Webb",
    "answer": "c"
  },
  {
    "question": "What Jan and Dean song featured a race between an XKE and a Stingray",
    "a": "Little Deuce Coupe",
    "b": "Shut 'em Down",
    "c": "Surf City",
    "d": "Dead Man's Curve",
    "answer": "d"
  },
  {
    "question": "Who was the announcer on the TV show \"Laugh-In\"?",
    "a": "Don Pardo",
    "b": "Gary Owens",
    "c": "Arte Johnson",
    "d": "Dick Martin",
    "answer": "b"
  },
  {
    "question": "Who played McMurphy in Broadway's \"One Flew Over the Cukoo's Nest\"?",
    "a": "Jack Nicholson",
    "b": "Dustin Hoffman",
    "c": "Tim Curry",
    "d": "Kirk Douglas",
    "answer": "d"
  },
  {
    "question": "Who played Adam on Bonanza?",
    "a": "Michael Landon",
    "b": "Dan Blocker",
    "c": "Pernell Roberts",
    "d": "Lorne Green",
    "answer": "c"
  },
  {
    "question": "What was Simon & Garfunkel's first major hit?",
    "a": "Mrs. Robinson",
    "b": "Scarborough Faire",
    "c": "Sounds of Silence",
    "d": "I am a Rock",
    "answer": "c"
  },
  {
    "question": "Who did CBS go \"On the Road\" with?",
    "a": "Charles Osgood",
    "b": "Dan Rather",
    "c": "Mike Wallace",
    "d": "Charles Kuralt",
    "answer": "d"
  },
  {
    "question": "What TV family lived at 607 South Maple Street, Springfield?",
    "a": "The Cleavers",
    "b": "The Reeds",
    "c": "The Nelsons",
    "d": "The Andersons",
    "answer": "d"
  },
  {
    "question": "Which cast member of The Godfather appeared in Broadway's \"Hair\"?",
    "a": "Diane Keaton",
    "b": "Al Pacino",
    "c": "James Caan",
    "d": "Robert Duvall",
    "answer": "a"
  },
  {
    "question": "Which rock group wrote and performed \"Sympathy for the Devil\"",
    "a": "Black Sabbath",
    "b": "The Rolling Stones",
    "c": "The Beatles",
    "d": "Judas Priest",
    "answer": "b"
  },
  {
    "question": "What was the name of drive-in restaurant on \"Happy Days\"?",
    "a": "Ruth's",
    "b": "Arnold's",
    "c": "Fonzie's",
    "d": "Potsie's",
    "answer": "b"
  },
  {
    "question": "What group released the 1968 album \"Disraeli Gears\"?",
    "a": "Jan and Dean",
    "b": "The Bar Mitzvahs",
    "c": "Cream",
    "d": "Alice Cooper",
    "answer": "c"
  },
  {
    "question": "Who had the female lead in \"Diary of a Mad Housewife\"?",
    "a": "Carrie Fisher",
    "b": "Carrie Snodgrass",
    "c": "Diane Keaton",
    "d": "Joan Rivers",
    "answer": "b"
  },
  {
    "question": "Who wrote the John Lennon tribute, \"The late, great Johnny Ace\"?",
    "a": "Elton John",
    "b": "Paul McCartney",
    "c": "Paul Simon",
    "d": "George Harrison",
    "answer": "c"
  },
  {
    "question": "Which James Bond movie featured a tarantula named \"Rosie\"?",
    "a": "Thunderball",
    "b": "Dr. No",
    "c": "Goldfinger",
    "d": "Live and Let Die",
    "answer": "b"
  },
  {
    "question": "Who was the first U.S. President to appear on national television?",
    "a": "John Kennedy",
    "b": "Harry Truman",
    "c": "Dwight Eisenhower",
    "d": "Franklin Roosevelt",
    "answer": "c"
  },
  {
    "question": "Who was Ricky Riccardo's lanlord?",
    "a": "Judge Allen",
    "b": "John Cabana",
    "c": "Ethel Merman",
    "d": "Fred Mertz",
    "answer": "d"
  },
  {
    "question": "Who wrote \"I'm a Believer\" for The Monkees?",
    "a": "David Jones",
    "b": "Michael Nesmith",
    "c": "Paul Simon",
    "d": "Neil Diamond",
    "answer": "d"
  },
  {
    "question": "Who wrote \"Marakesh Express\", Crosby, Stills or Nash?",
    "a": "Crosby",
    "b": "Stills",
    "c": "Nash",
    "d": "None of the above",
    "answer": "c"
  },
  {
    "question": "The russian police officer in Gorkey Park was played by whom?",
    "a": "Lee Marvin",
    "b": "William Hurt",
    "c": "Kevin Kline",
    "d": "James Coburn",
    "answer": "b"
  },
  {
    "question": "Who portrayed Mrs. Cleaver?",
    "a": "Donna Reed",
    "b": "Jane Wyman",
    "c": "Barbara Billingsly",
    "d": "Patty Duke",
    "answer": "c"
  },
  {
    "question": "Where did Puff the Magic Dragon live?",
    "a": "Everywhere",
    "b": "Atlantis",
    "c": "Honalee",
    "d": "Jackie's garage",
    "answer": "c"
  },
  {
    "question": "What Broadway musical featured the song \"The Impossible Dream\"?",
    "a": "Man of La Mancha",
    "b": "Hair",
    "c": "Camelot",
    "d": "My Fair Lady",
    "answer": "a"
  },
  {
    "question": "What was Buddy's last name on the Dick Van Dyke Show?",
    "a": "Marie",
    "b": "Sorrell",
    "c": "Lipton",
    "d": "Brady",
    "answer": "b"
  },
  {
    "question": "What did The Beachboys wear on stage that became their trademark?",
    "a": "Hawaiian shirts",
    "b": "Striped shirts",
    "c": "Leis",
    "d": "Short shorts",
    "answer": "b"
  },
  {
    "question": "How did Richard Kimble get away on the first episode of The Fugitive?",
    "a": "A car crash",
    "b": "A train crash",
    "c": "A plane crash",
    "d": "A bus crash",
    "answer": "b"
  },
  {
    "question": "Which boxer appeared on the cover of The Beatles' Sgt. Pepper album?",
    "a": "Cassius Clay",
    "b": "Sonny Liston",
    "c": "Muhammad Ali",
    "d": "Joe Louis",
    "answer": "b"
  },
  {
    "question": "Where did Clark Kent usually change his clothes on TV's Superman show?",
    "a": "A phone booth",
    "b": "The store room",
    "c": "The men's room",
    "d": "The city room",
    "answer": "b"
  },
  {
    "question": "Who portrayed Luke McCoy?",
    "a": "Ron Howard",
    "b": "Richard Crenna",
    "c": "Buddy Ebsen",
    "d": "Max Baer",
    "answer": "b"
  },
  {
    "question": "What Broadway musical introduced the song \"Sunrise, Sunset\"?",
    "a": "Oklahoma",
    "b": "Hair",
    "c": "Calcutta",
    "d": "Fiddler on the Roof",
    "answer": "d"
  },
  {
    "question": "In the 1975 film, \"Capone\", who portrayed the gangster Al Capone?",
    "a": "John Cassavettes",
    "b": "Ben Gazzara",
    "c": "Peter Falk",
    "d": "Peter Boyle",
    "answer": "b"
  },
  {
    "question": "Who played James Mason's henchman in Hitchcock's North by Northwest?",
    "a": "Martin Sheen",
    "b": "Martin Balsam",
    "c": "Cary Grant",
    "d": "Martin Landau",
    "answer": "d"
  },
  {
    "question": "Who played Johnnie Smith in the film \"The Dead Zone\"?",
    "a": "James Woods",
    "b": "Christopher Walken",
    "c": "Anthony Perkins",
    "d": "Robert DeNiro",
    "answer": "b"
  },
  {
    "question": "On the Mary Tyler Moore show, what was the name of Phyllis's husband?",
    "a": "Harry",
    "b": "Larry",
    "c": "Garth",
    "d": "Lars",
    "answer": "d"
  },
  {
    "question": "What actress played opposite Paul Newman in Hitchcock's Torn Curtain",
    "a": "Joanne Woodward",
    "b": "Audrey Hepburn",
    "c": "Natalie Wood",
    "d": "Julie Andrews",
    "answer": "d"
  },
  {
    "question": "Who played Gilligan?",
    "a": "Dobie Gillis",
    "b": "Jim Backus",
    "c": "John Denver",
    "d": "Bob Denver",
    "answer": "d"
  },
  {
    "question": "Who played the original Mrs. Peel on The Avengers?",
    "a": "Diane Keaton",
    "b": "Tara King",
    "c": "Elizabeth Ashley",
    "d": "Diane Rigg",
    "answer": "d"
  },
  {
    "question": "What five-year old character did comedienne Lily Tomlin create?",
    "a": "Edith-Ann",
    "b": "Mary-Ann",
    "c": "Priscilla",
    "d": "Hortence",
    "answer": "a"
  },
  {
    "question": "What former bass player for The Beatles died of a brain hemorrhage",
    "a": "Klaus Voorman",
    "b": "Stu Sutcliffe",
    "c": "Paul McCartney",
    "d": "Pete Best",
    "answer": "b"
  },
  {
    "question": "Where was the first International Pop Festival held in 1967?",
    "a": "Newport",
    "b": "San Francisco",
    "c": "New York",
    "d": "Monterey",
    "answer": "d"
  },
  {
    "question": "What was the name of Sherman's dog on the Rocky & Bullwinkle show?",
    "a": "Aesop",
    "b": "Frostbite",
    "c": "Boris B. Batanoff",
    "d": "Mr. Peabody",
    "answer": "d"
  },
  {
    "question": "What daytime television soap opera ran from Sep 1951 to Feb 1980?",
    "a": "General Hospital",
    "b": "Love of Life",
    "c": "Ryan's Hope",
    "d": "Edge of Night",
    "answer": "b"
  },
  {
    "question": "Who was the lead singer for the rock group, Blondie?",
    "a": "Chrissie Hynde",
    "b": "Pattie Smith",
    "c": "Deborah Harry",
    "d": "Pat Benatar",
    "answer": "c"
  },
  {
    "question": "Saturday Night Live's \"Coneheads\" always told people they were from:",
    "a": "France",
    "b": "Mars",
    "c": "Ohio",
    "d": "Burbank",
    "answer": "a"
  },
  {
    "question": "What color was Steve McQueen's car in \"Bullitt\"?",
    "a": "White",
    "b": "Black",
    "c": "Green",
    "d": "Red",
    "answer": "c"
  },
  {
    "question": "What was the number of the Stalag which held Hogan's Heroes?",
    "a": "19",
    "b": "17",
    "c": "13",
    "d": "9",
    "answer": "c"
  },
  {
    "question": "What was the name of the Alka Seltzer boy?",
    "a": "Relief",
    "b": "Reddie",
    "c": "Speedy",
    "d": "Fizzy",
    "answer": "c"
  },
  {
    "question": "In what year did the Muppets make their first television appearance?",
    "a": "1954",
    "b": "1964",
    "c": "1974",
    "d": "1962",
    "answer": "a"
  },
  {
    "question": "On which television network was The Ed Sullivan Show?",
    "a": "ABC",
    "b": "CBS",
    "c": "NBC",
    "d": "MTV",
    "answer": "b"
  },
  {
    "question": "How many men went on the mission in The Dirty Dozen?",
    "a": "11",
    "b": "12",
    "c": "13",
    "d": "14",
    "answer": "d"
  },
  {
    "question": "Who was the voice of Lambchop?",
    "a": "Rocket J. Squirrel",
    "b": "Bullwinkle",
    "c": "Walter Winchell",
    "d": "Shari Lewis",
    "answer": "d"
  },
  {
    "question": "What singing group performed the song \"Where Did Our Love Go\"?",
    "a": "The Shirrells",
    "b": "The Supremes",
    "c": "The Beatles",
    "d": "The Rhondelles",
    "answer": "b"
  },
  {
    "question": "Which comic created the radio station parody, \"wonderful WINO\"?",
    "a": "Richard Pryor",
    "b": "George Carlin",
    "c": "Steve Martin",
    "d": "Robin Williams",
    "answer": "b"
  },
  {
    "question": "How many Grammy awards did Elvis win for his Rock & Roll songs?",
    "a": "None",
    "b": "5",
    "c": "15",
    "d": "23",
    "answer": "a"
  },
  {
    "question": "With what instrument did Sid Ceasar make his living prior to comedy?",
    "a": "The saxophone",
    "b": "The piano",
    "c": "The clarinet",
    "d": "The French Horn",
    "answer": "a"
  },
  {
    "question": "What TV show did John Lennon and Yoko Ono co-host in 1972?",
    "a": "Mike Douglas Show",
    "b": "Dinah Shore Show",
    "c": "Merv Griffin Show",
    "d": "Let's Make a Deal",
    "answer": "a"
  },
  {
    "question": "Pat Boone is related to which other famous person?",
    "a": "Daniel Boone",
    "b": "Stephen King",
    "c": "Bob Guccione",
    "d": "Hugh Hefner",
    "answer": "a"
  },
  {
    "question": "The name of Elvis Presley's backup singers was...",
    "a": "The Preslettes",
    "b": "The Jordanaires",
    "c": "The Parkettes",
    "d": "The Bluebelles",
    "answer": "b"
  },
  {
    "question": "Gabe Kaplan's first name on the TV show \"Welcome Back, Kotter\" was...",
    "a": "Gabe",
    "b": "Richard",
    "c": "Josh",
    "d": "Isaac",
    "answer": "a"
  },
  {
    "question": "What awards are given for \"off-broadway\" productions?",
    "a": "The Cleo",
    "b": "The Obie",
    "c": "The Oscar",
    "d": "The Tony",
    "answer": "b"
  },
  {
    "question": "Basil Rathbone played Sherlock Holmes. Who played his Dr. Watson?",
    "a": "Peter Cook",
    "b": "Nigel Bruce",
    "c": "James Mason",
    "d": "Lawrence Olivier",
    "answer": "b"
  },
  {
    "question": "Who teamed with Neil Diamond on the song \"You Don't Send Me Flowers\"?",
    "a": "Shana Easton",
    "b": "Diana Ross",
    "c": "Barbra Streisand",
    "d": "Olivia Newton John",
    "answer": "c"
  },
  {
    "question": "What state did McCloud leave to go to New York City?",
    "a": "Arizona",
    "b": "Texas",
    "c": "Utah",
    "d": "New Mexico",
    "answer": "d"
  },
  {
    "question": "What lodge did Ralph Kramden and Ed Norton belong to?",
    "a": "The Elks",
    "b": "The Moose",
    "c": "The Raccoon",
    "d": "The Buffalo",
    "answer": "c"
  },
  {
    "question": "Bobby Hatfield and Bill Medley were also known as...",
    "a": "The Righteous Bros.",
    "b": "The Everly Bros.",
    "c": "The Coasters",
    "d": "The Ink Spots",
    "answer": "a"
  },
  {
    "question": "What was on the flip side of The Beatles' record \"Hey Jude\"?",
    "a": "Obla Di Obla Da",
    "b": "Penney Lane",
    "c": "You Know my Name",
    "d": "Revolution",
    "answer": "d"
  },
  {
    "question": "In \"To Kill a Mockingboard\", who played the character Boo Radley?",
    "a": "Martin Sheen",
    "b": "Robert Duvall",
    "c": "Paul Newman",
    "d": "Tony Curtis",
    "answer": "b"
  },
  {
    "question": "Which famous actress is the mother of Larry Hagman?",
    "a": "Helen Hayes",
    "b": "Bette Davis",
    "c": "Judy Hagman",
    "d": "Mary Martin",
    "answer": "d"
  },
  {
    "question": "\"Great Caesar's Ghost!\" was the favorite expression of whom?",
    "a": "Bill Murray",
    "b": "Perry White",
    "c": "Clark Kent",
    "d": "Jimmy Olson",
    "answer": "b"
  },
  {
    "question": "What was the first film parodied in the movie \"Airplane\"?",
    "a": "Saturday Nite Fever",
    "b": "The Way We Were",
    "c": "Here to Eternity",
    "d": "Jaws",
    "answer": "d"
  },
  {
    "question": "Which famous director portrayed Mr. Freeze on TV's Batman show?",
    "a": "Otto Premminger",
    "b": "Cecil B. deMille",
    "c": "George B. Romero",
    "d": "John Huston",
    "answer": "a"
  },
  {
    "question": "What musical was the top-grossing film of the 1960's?",
    "a": "My Fair Lady",
    "b": "Hair",
    "c": "Sound of Music",
    "d": "Fiddler on the Roof",
    "answer": "c"
  },
  {
    "question": "By what name did Simon & Garfunkel originally perform?",
    "a": "Paul & Art",
    "b": "Art & Paul",
    "c": "Fritz & Leopold",
    "d": "Tom & Jerry",
    "answer": "d"
  },
  {
    "question": "Which album was the LAST released, featuring The Beatles?",
    "a": "Abbey Road",
    "b": "Let it Be",
    "c": "Hey Jude",
    "d": "Meet The Beatles",
    "answer": "c"
  },
  {
    "question": "Who won Broadway's 1970 Tony Award for Best Actress for \"Applause\"?",
    "a": "Lauren Bacall",
    "b": "Angela Lansbury",
    "c": "Barbra Streisand",
    "d": "Carol Channing",
    "answer": "a"
  },
  {
    "question": "Which of these songs WAS NOT played in the film \"Close Encounters...\"?",
    "a": "More Than a Feeling",
    "b": "Chances Are",
    "c": "Wish Upon a Star",
    "d": "Purple People Eater",
    "answer": "d"
  },
  {
    "question": "Who won an Oscar for his role in the film \"Cool Hand Luke\"?",
    "a": "Paul Newman",
    "b": "Steve McQueen",
    "c": "George Kennedy",
    "d": "Martin Sheen",
    "answer": "c"
  },
  {
    "question": "Who is the host of ABC's TV show, \"Good Morning, America\"?",
    "a": "John Hartmann",
    "b": "David Hartzheim",
    "c": "Tom Brokaw",
    "d": "David Hartman",
    "answer": "d"
  },
  {
    "question": "What group did Tommy James leave in 1970?",
    "a": "The Supremes",
    "b": "The Rhondelles",
    "c": "The Shondelles",
    "d": "The James Gang",
    "answer": "c"
  },
  {
    "question": "Who starred as Owen Marshall?",
    "a": "Raymond Burr",
    "b": "Monte Markham",
    "c": "Arthur Hill",
    "d": "Owen played himself",
    "answer": "c"
  },
  {
    "question": "What was Mr. Bill's dog named?",
    "a": "Fido",
    "b": "Spot",
    "c": "Rover",
    "d": "Squish",
    "answer": "b"
  },
  {
    "question": "Which of these WAS NOT one of the children on TV's \"Family Affair\"?",
    "a": "Buffy",
    "b": "Cissy",
    "c": "Gertie",
    "d": "Jody",
    "answer": "c"
  },
  {
    "question": "Who played Dr. Alex Stone on TV's \"The Donna Reed Show\"?",
    "a": "Hugh Beaumont",
    "b": "Robert Young",
    "c": "Fred McMurray",
    "d": "Carl Betz",
    "answer": "d"
  },
  {
    "question": "\"Surrealistic Pillow\" was the name of a...",
    "a": "Record album",
    "b": "Andy Warhol movie",
    "c": "Dali painting",
    "d": "Television show",
    "answer": "a"
  },
  {
    "question": "The album \"15 Big Ones\" marked the 15th year together of which group?",
    "a": "The Rolling Stones",
    "b": "The Beachboys",
    "c": "The Beatles",
    "d": "The Ink Spots",
    "answer": "b"
  },
  {
    "question": "Who played Danny Williams' daughter on TV's \"Make Room for Daddy\"?",
    "a": "Rusty Springfield",
    "b": "Shelly Fabraes",
    "c": "Angela Cartwright",
    "d": "Annette Funicello",
    "answer": "c"
  },
  {
    "question": "What was the name of the ship that wrecked on Gilligan's Island?",
    "a": "The Howell",
    "b": "The Minerva",
    "c": "The Minuette",
    "d": "The Minnow",
    "answer": "d"
  },
  {
    "question": "What toothpaste used the slogan, \"Look Ma, no cavities!\"?",
    "a": "Crest",
    "b": "Colgate",
    "c": "Ipana",
    "d": "Aim",
    "answer": "a"
  },
  {
    "question": "Who played Nellie Forbush in the 1949 Broadway hit \"South Pacific\"?",
    "a": "Mary Martin",
    "b": "Judy Garland",
    "c": "Shirley Jones",
    "d": "Cyd Charisse",
    "answer": "a"
  },
  {
    "question": "Which musical group DID NOT feature a member of Crosby, Stills & Nash?",
    "a": "The Byrds",
    "b": "Buffalo Springfield",
    "c": "The Hollies",
    "d": "The Animals",
    "answer": "d"
  },
  {
    "question": "What was the stage name of singer Annie May Bullock?",
    "a": "Janis Joplin",
    "b": "Deborah Harry",
    "c": "Tina Turner",
    "d": "Pat Benatar",
    "answer": "c"
  },
  {
    "question": "What was the relationship between Karen and Richard Carpenter?",
    "a": "Husband and Wife",
    "b": "Father and Daughter",
    "c": "Cousins",
    "d": "Brother and Sister",
    "answer": "d"
  },
  {
    "question": "In what year did Disneyland open?",
    "a": "1950",
    "b": "1955",
    "c": "1948",
    "d": "1952",
    "answer": "b"
  },
  {
    "question": "Who portrayed Major Major in the film \"Catch-22\"?",
    "a": "Richard Benjamin",
    "b": "Alan Arkin",
    "c": "Art Garfunkel",
    "d": "Bob Newhart",
    "answer": "d"
  },
  {
    "question": "Who said \"ting tang, walla walla bing bang\"?",
    "a": "Purple People Eater",
    "b": "Sam the Sham",
    "c": "The Witchdoctor",
    "d": "Chipmonks",
    "answer": "c"
  },
  {
    "question": "What was Jane Jetson's husbands name?",
    "a": "Jerry",
    "b": "Jimmy",
    "c": "Geoffrey",
    "d": "George",
    "answer": "d"
  },
  {
    "question": "Which comedienne is associated with the expression \"Can we talk?\"?",
    "a": "Lilly Tomlin",
    "b": "Jane Curtin",
    "c": "Joan Rivers",
    "d": "Carol Burnett",
    "answer": "c"
  },
  {
    "question": "What's Porky Pig's girlfriend's name?",
    "a": "Miss Piggy",
    "b": "Priscilla Pig",
    "c": "Patty Pig",
    "d": "Petunia Pig",
    "answer": "d"
  },
  {
    "question": "Who was Luke Skywalker's father?",
    "a": "Darth Vader",
    "b": "Ben Kenobe",
    "c": "Han Skywalker",
    "d": "Yoda",
    "answer": "a"
  },
  {
    "question": "What film featured both Humphrey Bogart and Kathryn Hepburn?",
    "a": "Key Largo",
    "b": "The African Queen",
    "c": "Philadelphia Story",
    "d": "Ten Dead Men",
    "answer": "b"
  },
  {
    "question": "What was the only film starring Mae West and W.C. Fields?",
    "a": "The Little Soldier",
    "b": "My Little Chickadee",
    "c": "Bad Girls",
    "d": "Philadelphia",
    "answer": "b"
  },
  {
    "question": "Who played the title role in \"I Was a Teenage Werewolf\"?",
    "a": "Bobby Rydell",
    "b": "Steve McQueen",
    "c": "Bobby Darin",
    "d": "Michael Landon",
    "answer": "d"
  },
  {
    "question": "What word was in the title of every book that Alvy gave to Annie Hall?",
    "a": "Sex",
    "b": "Love",
    "c": "Death",
    "d": "Fear",
    "answer": "c"
  },
  {
    "question": "What drug did Grace Slick fight a seven year battle with?",
    "a": "LSD",
    "b": "Cocaine",
    "c": "Heroin",
    "d": "Alcohol",
    "answer": "d"
  },
  {
    "question": "Who played Sportin' Life in the film \"Porgy and Bess\"?",
    "a": "Sidney Poitier",
    "b": "James Earl Jones",
    "c": "Sammy Davis Jr.",
    "d": "Harry Belafonte",
    "answer": "c"
  },
  {
    "question": "What kind of animals were Hazel, General Woundwart, and Fiver?",
    "a": "Rabbits",
    "b": "Bears",
    "c": "Dogs",
    "d": "Cats",
    "answer": "a"
  },
  {
    "question": "Who did Lurch work for?",
    "a": "Munsters",
    "b": "Adams Family",
    "c": "Jack Benny",
    "d": "Mary Tyler Moore",
    "answer": "b"
  },
  {
    "question": "What part did Tina Louise play on Gilligan's Island?",
    "a": "Mrs. Howell",
    "b": "Marianne",
    "c": "Ginger Grant",
    "d": "The Professor",
    "answer": "c"
  },
  {
    "question": "What was Ed Sullivan's wife's name?",
    "a": "Ethyl",
    "b": "Dorothy",
    "c": "Marian",
    "d": "Sylvia",
    "answer": "d"
  },
  {
    "question": "In the film \"Staircase\", Richard Burton and Rex Harrison played...",
    "a": "Army Generals",
    "b": "Half-brothers",
    "c": "Women",
    "d": "Homosexual lovers",
    "answer": "d"
  },
  {
    "question": "Who portrayed Felix Unger in the film \"The Odd Couple\"?",
    "a": "Jack Klugman",
    "b": "Tony Randall",
    "c": "Walter Matthau",
    "d": "Jack Lemmon",
    "answer": "d"
  },
  {
    "question": "Who portrayed the title role in \"The Pawnbroker\"?",
    "a": "George C. Scott",
    "b": "Gregory Peck",
    "c": "James Caan",
    "d": "Rod Steiger",
    "answer": "d"
  },
  {
    "question": "Who created the cartoon character, Woody Woodpecker?",
    "a": "Charles Schulz",
    "b": "Walt Disney",
    "c": "Walter Lantz",
    "d": "Mel Blanc",
    "answer": "c"
  },
  {
    "question": "Who directed \"Cabaret\" and \"All That Jazz\"?",
    "a": "Vincent Minelli",
    "b": "Bob Fosse",
    "c": "Martin Scorcese",
    "d": "Robert Evans",
    "answer": "b"
  },
  {
    "question": "What role did Billie Burke play in \"The Wizard of Oz\"?",
    "a": "The Wizard of Oz",
    "b": "The Tin Man",
    "c": "The Lion",
    "d": "Witch of the North",
    "answer": "d"
  },
  {
    "question": "Who was the first host of the original \"Tonight Show\"?",
    "a": "Johnny Carson",
    "b": "Jack Paar",
    "c": "Steve Allen",
    "d": "Joey Bishop",
    "answer": "c"
  },
  {
    "question": "\"Chastity\" was the name of the first-born of whom?",
    "a": "Barbara Hershey",
    "b": "Grace Slick",
    "c": "Cher Bono",
    "d": "Shari Lewis",
    "answer": "c"
  },
  {
    "question": "Who did actress Carrie Fisher marry on August 16, 1983?",
    "a": "Mark Hamill",
    "b": "Dan Akroyd",
    "c": "Ringo Starr",
    "d": "Paul Simon",
    "answer": "d"
  },
  {
    "question": "What city was the setting for the TV series \"Gunsmoke\"?",
    "a": "Reno, Nevada",
    "b": "Dodge City, Kansas",
    "c": "Cheyenne, Wyoming",
    "d": "Kittyhawk, N.C.",
    "answer": "b"
  },
  {
    "question": "What actor was married to Carole Lombard between 1939 to 1942?",
    "a": "Cary Grant",
    "b": "Clark Gable",
    "c": "Gregory Peck",
    "d": "Humphrey Bogart",
    "answer": "b"
  },
  {
    "question": "What kind of apple is on the label of The Beatles' Apple Records?",
    "a": "A Golden Delicious",
    "b": "A Goldstein",
    "c": "A Granny Smith",
    "d": "A Pippin",
    "answer": "c"
  },
  {
    "question": "Who played \"Hot Lips Houlihan\" in the movie \"M*A*S*H\"?",
    "a": "Karen Black",
    "b": "Loretta Switt",
    "c": "Louise Fletcher",
    "d": "Sally Kellerman",
    "answer": "d"
  },
  {
    "question": "How much was the \"secret word\" worth on \"You Bet Your Life\"?",
    "a": "25 dollars",
    "b": "50 dollars",
    "c": "100 dollars",
    "d": "150 dollars",
    "answer": "c"
  },
  {
    "question": "What actress debuted in the 1938 film \"Intermezzo\"?",
    "a": "Ingrid Bergman",
    "b": "Katherine Hepburn",
    "c": "Greta Garbo",
    "d": "Carole Lombard",
    "answer": "a"
  },
  {
    "question": "In what year did NBC's \"Saturday Night Live\" debut?",
    "a": "1974",
    "b": "1975",
    "c": "1976",
    "d": "1977",
    "answer": "b"
  },
  {
    "question": "What was the first X-rated film to win the Oscar for Best Picture?",
    "a": "Midnight Cowboy",
    "b": "The Godfather",
    "c": "Godfather II",
    "d": "Clockwork Orange",
    "answer": "a"
  },
  {
    "question": "What orchestra leader did Doc Severinson replace?",
    "a": "Tommy Newsome",
    "b": "Skitch Henderson",
    "c": "Tommy Dorsey",
    "d": "Leonard Bernstein",
    "answer": "b"
  },
  {
    "question": "What's tattooed on Popeye's arm?",
    "a": "\"Mom\"",
    "b": "\"Olive-Oyl\"",
    "c": "A lady",
    "d": "An anchor",
    "answer": "d"
  },
  {
    "question": "How many times did Judy Garland sing \"Over the Rainbow\"?",
    "a": "376 times",
    "b": "6,742 times",
    "c": "8,663 times",
    "d": "12,551 times",
    "answer": "d"
  },
  {
    "question": "Who played Helen Keller in the 1962 film \"The Miracle Worker\"?",
    "a": "Katherine Ross",
    "b": "Shirley MacLaine",
    "c": "Patty Duke",
    "d": "Sally Fields",
    "answer": "c"
  },
  {
    "question": "Who played the Owl in the film \"The Owl and the Pussycat\"?",
    "a": "Ryan O'Neal",
    "b": "George Burns",
    "c": "Elliot Gould",
    "d": "George Segal",
    "answer": "d"
  },
  {
    "question": "What year was the setting for the film \"American Grafitti\"?",
    "a": "1956",
    "b": "1962",
    "c": "1959",
    "d": "1964",
    "answer": "b"
  },
  {
    "question": "Which was The Beatles' biggest selling single ever?",
    "a": "She Loves You",
    "b": "Yesterday",
    "c": "I am the Walrus",
    "d": "Hey Jude",
    "answer": "d"
  },
  {
    "question": "\"New York Mining Disaster-1941\" was the first hit record for...",
    "a": "The Beatles",
    "b": "The Bee Gees",
    "c": "Michael Jackson",
    "d": "The Rolling Stones",
    "answer": "b"
  },
  {
    "question": "Who portrayed Sherlock Holmes in 14 films between 1939 and 1946?",
    "a": "Nigel Bruce",
    "b": "Peter Cooke",
    "c": "Basil Rathbone",
    "d": "John Houseman",
    "answer": "c"
  },
  {
    "question": "What was the name of Tonto's horse?",
    "a": "Silver",
    "b": "Scout",
    "c": "Keemosabe",
    "d": "Broken Arrow",
    "answer": "b"
  },
  {
    "question": "In which country was Woody Allen's \"Love and Death\" situated?",
    "a": "The United States",
    "b": "Japan",
    "c": "Russia",
    "d": "England",
    "answer": "c"
  },
  {
    "question": "Who played Chester on \"Gunsmoke\"?",
    "a": "James Arness",
    "b": "Daniel Arness",
    "c": "Dennis Weaver",
    "d": "Johnny Crawford",
    "answer": "c"
  },
  {
    "question": "Who played Bret Maverick?",
    "a": "James Garner",
    "b": "Roger Moore",
    "c": "James Arness",
    "d": "Dennis Weaver",
    "answer": "a"
  },
  {
    "question": "How many children is Elvis Presley known to have fathered?",
    "a": "None",
    "b": "1",
    "c": "2",
    "d": "6",
    "answer": "b"
  },
  {
    "question": "Who's the host of the TV game show \"Family Feud\"?",
    "a": "Bill Cullen",
    "b": "Bob Eubanks",
    "c": "Charles Allen",
    "d": "Richard Dawson",
    "answer": "d"
  },
  {
    "question": "Who sang the song \"Dr. Kildaire's Theme\"?",
    "a": "Richard Chamberlain",
    "b": "Bobby Darin",
    "c": "Frank Sinatra",
    "d": "Sammy Davis, Jr.",
    "answer": "a"
  },
  {
    "question": "What singing group felt \"Glad All Over\"?",
    "a": "The Beatles",
    "b": "The Animals",
    "c": "Herman's Hermits",
    "d": "The Dave Clark Five",
    "answer": "d"
  },
  {
    "question": "A Time magazine cover, labelled \"The Day the Music Died\" pictured:",
    "a": "Buddy Holly",
    "b": "John Lennon",
    "c": "Janis Joplin",
    "d": "Jim Morrison",
    "answer": "b"
  },
  {
    "question": "Who played the sheriff of Amity Island in \"Jaws\"?",
    "a": "Roy Scheider",
    "b": "Hal Holbrook",
    "c": "Richard Dreyfuss",
    "d": "Robert Shaw",
    "answer": "a"
  },
  {
    "question": "Who played Eliza Doolittle in the Broadway version of \"My Fair Lady\"",
    "a": "Julie Andrews",
    "b": "Audrey Hepburn",
    "c": "Natalie Wood",
    "d": "Carol Channing",
    "answer": "a"
  },
  {
    "question": "What was Birdie's first name in \"Bye, Bye, Birdie\"?",
    "a": "Billy",
    "b": "Conway",
    "c": "Comrade",
    "d": "Conrad",
    "answer": "d"
  },
  {
    "question": "Who did Bernie Taupin write song lyrics for?",
    "a": "Carole King",
    "b": "Neil Diamond",
    "c": "Elton John",
    "d": "Wayne Newton",
    "answer": "c"
  },
  {
    "question": "Who hosted the TV show \"Earn Your Vacation\"?",
    "a": "Johnny Carson",
    "b": "Bill Cullen",
    "c": "Bob Eubanks",
    "d": "Allen Ludden",
    "answer": "a"
  },
  {
    "question": "What was Elvis Presley's middle name?",
    "a": "Parker",
    "b": "Thomas",
    "c": "Arnold",
    "d": "Aaron",
    "answer": "d"
  },
  {
    "question": "The Beatles' \"Hard Day's Night\" earned how many oscars?",
    "a": "None",
    "b": "1",
    "c": "2",
    "d": "4",
    "answer": "c"
  },
  {
    "question": "What was John Wayne's last movie?",
    "a": "True Grit",
    "b": "The Shootist",
    "c": "Brewster Cogburn",
    "d": "The Green Berets",
    "answer": "b"
  },
  {
    "question": "Who hosted \"60 Minutes\" along with Mike Wallace in its first season?",
    "a": "Morley Safer",
    "b": "Dan Rather",
    "c": "Harry Reasoner",
    "d": "Ed Bradley",
    "answer": "c"
  },
  {
    "question": "The lead singer for The Who is...",
    "a": "John Entwhistle",
    "b": "Peter Townshend",
    "c": "Keith Moon",
    "d": "Roger Daltry",
    "answer": "d"
  },
  {
    "question": "What is Princess Aurora's better known name?",
    "a": "Sleeping Beauty",
    "b": "Snow White",
    "c": "Cinderella",
    "d": "Shirley Temple",
    "answer": "a"
  },
  {
    "question": "How old was Lolita?",
    "a": "12",
    "b": "14",
    "c": "16",
    "d": "18",
    "answer": "a"
  },
  {
    "question": "What government department did The Untouchables work for?",
    "a": "The FBI",
    "b": "The G-Men",
    "c": "The Treasury",
    "d": "Military Police",
    "answer": "c"
  },
  {
    "question": "Who played the President in the film \"Fail Safe\"?",
    "a": "Henry Fonda",
    "b": "E.G. Marshall",
    "c": "Arthur Hill",
    "d": "Martin Sheen",
    "answer": "a"
  },
  {
    "question": "What film's soundtrack featured the song \"Dueling Banjos\"?",
    "a": "Bonnie & Clyde",
    "b": "Kentucky Derby",
    "c": "Deliverance",
    "d": "A Day at The Races",
    "answer": "c"
  },
  {
    "question": "What product featured the slogan, \"Try it, you'll like it.\"?",
    "a": "Dr. Pepper",
    "b": "Rolaids",
    "c": "Alka-Seltzer",
    "d": "Pizza Hut",
    "answer": "c"
  },
  {
    "question": "Who composed \"Twinkle, Twinkle, Little Star\"?",
    "a": "Walt Disney",
    "b": "Ludwig Beethoven",
    "c": "Mozart",
    "d": "Sibelius",
    "answer": "c"
  },
  {
    "question": "Who chased Dr. Richard Kimble for 4 years?",
    "a": "Sgt. Friday",
    "b": "Lt. Gerard",
    "c": "Captain Kimberley",
    "d": "Lt. Calley",
    "answer": "b"
  },
  {
    "question": "In which city did Dick Clark's American Bandstand originate?",
    "a": "New York City",
    "b": "Hollywood",
    "c": "Philadelphia",
    "d": "Detroit",
    "answer": "c"
  },
  {
    "question": "Who shot J.R.?",
    "a": "Bobby Ewing",
    "b": "Sue Ellen",
    "c": "Kristin Shephard",
    "d": "Sammy Joe",
    "answer": "c"
  },
  {
    "question": "Who stole the blueprints for the Death Star?",
    "a": "R2-D2",
    "b": "C-3P0",
    "c": "Princess Leia",
    "d": "Luke Skywalker",
    "answer": "c"
  },
  {
    "question": "What was the name of Lawrence Welk`s autobiography?",
    "a": "No More Champaigne",
    "b": "Mr. Bubbles",
    "c": "Wunnerful Wunnerful",
    "d": "Music for America",
    "answer": "c"
  },
  {
    "question": "Who was Carol Burnett's guest-host on each season opener?",
    "a": "Vicky Lawrence",
    "b": "Jim Nabors",
    "c": "Bob Newhart",
    "d": "Sandra Chase",
    "answer": "b"
  },
  {
    "question": "Who was Beaver Cleaver's school- teacher?",
    "a": "Miss Langley",
    "b": "Miss Meyers",
    "c": "Miss Standish",
    "d": "Miss Landers",
    "answer": "d"
  },
  {
    "question": "Who sang the theme to the TV series \"Rawhide\"?",
    "a": "Frankie Valley",
    "b": "Clint Eastwood",
    "c": "Marlin Perkins",
    "d": "Frankie Laine",
    "answer": "d"
  },
  {
    "question": "What 1935 film propelled Errol Flynn to fame?",
    "a": "Varvados Bound",
    "b": "Captain Blood",
    "c": "Pirates Escape",
    "d": "The Oscar",
    "answer": "b"
  },
  {
    "question": "In 1961, who won the best actor Oscar for \"Judgment at Nuremberg\"?",
    "a": "James Mason",
    "b": "Ben Gazarra",
    "c": "Maximiliam Schell",
    "d": "Albert Finney",
    "answer": "c"
  },
  {
    "question": "What was the last Rogers and Hammerstein musical?",
    "a": "The Sound of Music",
    "b": "Carousel",
    "c": "Kismet",
    "d": "South Pacific",
    "answer": "a"
  },
  {
    "question": "Who recorded the 1957 hit \"Tammy\"?",
    "a": "Michele Lee",
    "b": "Sandra Dee",
    "c": "Connie Stevens",
    "d": "Debbie Reynolds",
    "answer": "d"
  },
  {
    "question": "What actress was the top box-office draw during World War II?",
    "a": "Marilyn Monroe",
    "b": "Betty Grable",
    "c": "Rosiland Russell",
    "d": "Greta Garbo",
    "answer": "b"
  },
  {
    "question": "Who created Weird Harold and Fat Albert?",
    "a": "Jim Hensen",
    "b": "Walt Disney",
    "c": "Bill Cosby",
    "d": "Charlie Bergman",
    "answer": "c"
  },
  {
    "question": "Who was the movies biggest male Box Office attraction in 1980?",
    "a": "Robert Redford",
    "b": "Paul Newman",
    "c": "Darth Vader",
    "d": "Burt Reynolds",
    "answer": "d"
  },
  {
    "question": "\"Death Valley Days\" was NOT hosted by which of the following?",
    "a": "Ronald Reagan",
    "b": "Robert Young",
    "c": "Robert Taylor",
    "d": "Dale Robertson",
    "answer": "b"
  },
  {
    "question": "Which Beatles' film presented the song \"The Night Before\"?",
    "a": "A Hard Day's Night",
    "b": "Help!",
    "c": "Yellow Submarine",
    "d": "Let it Be",
    "answer": "b"
  },
  {
    "question": "Who portrayed Caspar Gutman in the 1941 film, \"The Maltese Falcon\"?",
    "a": "Humphrey Bogart",
    "b": "Claude Rains",
    "c": "Sydney Greenstreet",
    "d": "Peter Lorre",
    "answer": "c"
  },
  {
    "question": "What popular variety show began as \"The Toast of the Town\"?",
    "a": "The Tonight Show",
    "b": "The Jack Paar Show",
    "c": "Ed Sullivan Show",
    "d": "Dinah Shore Show",
    "answer": "c"
  },
  {
    "question": "How old was Paul Anka when he had his hit song, \"Diana\"?",
    "a": "15",
    "b": "17",
    "c": "18",
    "d": "20",
    "answer": "a"
  },
  {
    "question": "Who hosted The Newlywed Game?",
    "a": "Gene Rayburn",
    "b": "Dick Clark",
    "c": "Bob Eubanks",
    "d": "Chuck Farris",
    "answer": "c"
  },
  {
    "question": "What's Tony Curtis' real name?",
    "a": "Marion Olson",
    "b": "Bernard Schwartz",
    "c": "Antonio Cursilia",
    "d": "Anthony Kurtzwield",
    "answer": "b"
  },
  {
    "question": "What's John Wayne's real name?",
    "a": "Antonio Cursilia",
    "b": "Marion Morrison",
    "c": "Reginald Petersmith",
    "d": "Dwight Hicks",
    "answer": "b"
  },
  {
    "question": "What's Elton John's real name?",
    "a": "John Tennyson",
    "b": "Elementon Jochsbrow",
    "c": "Reginald Dwight",
    "d": "Elenor Johnston",
    "answer": "c"
  },
  {
    "question": "Who was the banker in \"The Beverly Hillbillies\"?",
    "a": "Mr. Hathaway",
    "b": "Mr. Shumway",
    "c": "Mr. Drysdale",
    "d": "Mr. Hackett",
    "answer": "c"
  },
  {
    "question": "Who played astronaut Tony Nelson on TV's \"I Dream of Jeannie\"?",
    "a": "Darren McGavin",
    "b": "Bud York",
    "c": "Dick York",
    "d": "Larry Hagman",
    "answer": "d"
  },
  {
    "question": "Mel Brooks is married to what other personality?",
    "a": "Madeleine Kahn",
    "b": "Cloris Leachman",
    "c": "Terri Garr",
    "d": "Anne Bancroft",
    "answer": "d"
  },
  {
    "question": "Hattie McDaniel, the first black to win an Oscar, was in what film?",
    "a": "Gone With the Wind",
    "b": "Song of the South",
    "c": "The Al Jolson Story",
    "d": "My Little Chickadee",
    "answer": "a"
  },
  {
    "question": "In what 1959 film did Tony Curtis & Jack Lemmon appear in drag?",
    "a": "The Odd Couple",
    "b": "Fortune Cookie",
    "c": "Some Like it Hot",
    "d": "The Choirboys",
    "answer": "c"
  },
  {
    "question": "What actor was onstage during the \"streaking\" of the Academy Awards?",
    "a": "John Wayne",
    "b": "David Niven",
    "c": "Dustin Hoffman",
    "d": "Peter Sellers",
    "answer": "b"
  },
  {
    "question": "Who portrayed W.C. Fields in the film \"W.C. Fields and Me\"?",
    "a": "Robin Williams",
    "b": "Karl Malden",
    "c": "Alan Hale",
    "d": "Rod Steiger",
    "answer": "d"
  },
  {
    "question": "Who \"blamed it on the Bossa Nova\"?",
    "a": "Steve Lawrence",
    "b": "Leslie Gore",
    "c": "Patty Duke",
    "d": "Edie Gorme",
    "answer": "d"
  },
  {
    "question": "Who song the title song to the film \"Goldfinger\"?",
    "a": "Carly Simon",
    "b": "Shana Easton",
    "c": "Shirley Bassey",
    "d": "Barbra Streisand",
    "answer": "c"
  },
  {
    "question": "Who portrayed the skipper on \"Gilligan's Island\"?",
    "a": "Bob Denver",
    "b": "Jim Backus",
    "c": "Jim Hale",
    "d": "Alan Hale",
    "answer": "d"
  },
  {
    "question": "Who sang \"Do the Locomotion\"?",
    "a": "Aretha Franklin",
    "b": "Little Eva",
    "c": "Tina Turner",
    "d": "Billy Holliday",
    "answer": "b"
  },
  {
    "question": "Bob Newhart portrayed Dr. Hartley in what city?",
    "a": "Minneapolis",
    "b": "Chicago",
    "c": "New York",
    "d": "St. Paul",
    "answer": "b"
  },
  {
    "question": "What TV show took place in New Rochelle, New York?",
    "a": "Dick Van Dyke Show",
    "b": "All in the Family",
    "c": "Maude",
    "d": "Donna Reed Show",
    "answer": "a"
  },
  {
    "question": "Who asked the musical question, \"Who's Sorry Now\"?",
    "a": "Brenda Lee",
    "b": "Connie Francis",
    "c": "Doris Day",
    "d": "Debbie Reynolds",
    "answer": "b"
  },
  {
    "question": "John Lennon and Paul McCartney each married a woman from which town?",
    "a": "New York City",
    "b": "Scarsdale, New York",
    "c": "San Francosco",
    "d": "Cambridge, England",
    "answer": "b"
  },
  {
    "question": "In the movie \"All the President's Men\", who played `Deep Throat'?",
    "a": "Linda Lovelace",
    "b": "Hal Holbrook",
    "c": "Robert Redford",
    "d": "Richard Widmark",
    "answer": "b"
  },
  {
    "question": "Who played the freckle-faced Will Robinson in \"Lost in Space\"?",
    "a": "Ron Howard",
    "b": "Bill Mumy",
    "c": "Rodney Alan Rippy",
    "d": "Rusty Williams",
    "answer": "b"
  },
  {
    "question": "Who played Victoria Barkley on the TV show, \"The Big Valley\"?",
    "a": "Michael Learned",
    "b": "Linda Evans",
    "c": "Barbara Stanwyck",
    "d": "June Allison",
    "answer": "c"
  },
  {
    "question": "Who sang the theme song for the TV show, \"Welcome Back, Kotter\"?",
    "a": "The Loving Spoonful",
    "b": "Paul Anka",
    "c": "Paul Williams",
    "d": "John Sebastian",
    "answer": "d"
  },
  {
    "question": "Who played Dr. Smith on the TV show \"Lost in Space\"?",
    "a": "Michael Landon",
    "b": "Eddie Albert",
    "c": "Zachary Taylor",
    "d": "Jonathan Harris",
    "answer": "d"
  },
  {
    "question": "In what film is Cary Grant attacked by a low-flying cropduster?",
    "a": "Operation Petticoat",
    "b": "North by Northwest",
    "c": "North to Eden",
    "d": "Dial M for Murder",
    "answer": "b"
  },
  {
    "question": "How many consecutive years was The Ed Sullivan Show on TV?",
    "a": "13",
    "b": "18",
    "c": "20",
    "d": "23",
    "answer": "d"
  },
  {
    "question": "Which of the following HAS NOT played Captain Bligh of the Bounty",
    "a": "Sydney Greenstreet",
    "b": "Charles Laughton",
    "c": "Trevor Howard",
    "d": "Anthony Hopkins",
    "answer": "a"
  },
  {
    "question": "What was the Oscar-winning theme song for \"Breakfast at Tiffany's\"?",
    "a": "Que Sera, Que Sera",
    "b": "Moon River",
    "c": "White Christmas",
    "d": "New York, New York",
    "answer": "b"
  },
  {
    "question": "Who played Uncle Martin on the TV show \"My Favorite Martian\"?",
    "a": "Bill Bixby",
    "b": "Jonathan Harris",
    "c": "Ray Walston",
    "d": "Martin Balsam",
    "answer": "c"
  },
  {
    "question": "In the film \"All the President's Men\", who played Carl Bernstein?",
    "a": "Robert Redford",
    "b": "Hal Holbrook",
    "c": "Dustin Hoffman",
    "d": "John Sirica",
    "answer": "c"
  },
  {
    "question": "Which was the first TV couple to share a bed on prime time?",
    "a": "Ozzie & Harriet",
    "b": "Rob & Laura Petrie",
    "c": "Archie & Edith",
    "d": "J.R. and Sue Ellen",
    "answer": "a"
  },
  {
    "question": "How many films did Elvis Presley make in his lifetime?",
    "a": "13",
    "b": "23",
    "c": "33",
    "d": "43",
    "answer": "c"
  },
  {
    "question": "Whose first major album was \"Ziggy Stardust & the Spiders from Mars\"?",
    "a": "Alice Cooper",
    "b": "Lou Reed",
    "c": "Tiny Tim",
    "d": "David Bowie",
    "answer": "d"
  },
  {
    "question": "Who played Johnny in the film, \"The Wild One\"?",
    "a": "James Dean",
    "b": "Marlon Brando",
    "c": "James Cagney",
    "d": "Jack Nicholson",
    "answer": "b"
  },
  {
    "question": "Who portrayed Vincent Van Gogh in the film \"Lust for Life\"?",
    "a": "Kirk Douglas",
    "b": "Charleton Heston",
    "c": "Gregory Peck",
    "d": "Don McLean",
    "answer": "a"
  },
  {
    "question": "What famous singer had a knife tatooed on his arm?",
    "a": "Kris Kristofferson",
    "b": "Tiny Tim",
    "c": "Glenn Campbell",
    "d": "Frank Zappa",
    "answer": "c"
  },
  {
    "question": "Who sang the song \"It's my Party and I'll Cry if I Want To\"?",
    "a": "Patty Duke",
    "b": "Brenda Lee",
    "c": "Connie Stevens",
    "d": "Leslie Gore",
    "answer": "d"
  },
  {
    "question": "Who introduced Johnny Carson as the new host of The Tonight Show?",
    "a": "Steve Allen",
    "b": "Jack Paar",
    "c": "Bob Newhart",
    "d": "Groucho Marx",
    "answer": "d"
  },
  {
    "question": "For what song did Country & Western singer Marty Robbins win a Grammy?",
    "a": "Behind Closed Doors",
    "b": "Me & Bobby McGee",
    "c": "El Paso",
    "d": "D-I-V-O-R-C-E",
    "answer": "c"
  },
  {
    "question": "Who was a member of both The Dirty Dozen and the Magnificent Seven?",
    "a": "Lee Marvin",
    "b": "Yul Brynner",
    "c": "Charles Bronson",
    "d": "Jim Brown",
    "answer": "c"
  },
  {
    "question": "What actor sang \"As Time Goes By\" in the film \"Casablanca\"?",
    "a": "Humphrey Bogart",
    "b": "Claude Rains",
    "c": "Dooley Wilson",
    "d": "Seth Jacobson",
    "answer": "c"
  },
  {
    "question": "Who directed \"Close Encounters of the Third Kind\"?",
    "a": "George Lucas",
    "b": "Steven Spielberg",
    "c": "Stanley Kubrick",
    "d": "Gene Roddenberry",
    "answer": "b"
  },
  {
    "question": "Which Star Wars cast member was a regular on General Hospital?",
    "a": "Carrie Fisher",
    "b": "Mark Hamill",
    "c": "Harrison Ford",
    "d": "Anthony Daniels",
    "answer": "b"
  },
  {
    "question": "Who portrayed Clare Quilty in the film, \"Lolita\"?",
    "a": "Brigitte Bardot",
    "b": "Gina Lolabrigida",
    "c": "Romie Shneider",
    "d": "Peter Sellers",
    "answer": "d"
  },
  {
    "question": "Who directed the film, \"Lolita\"?",
    "a": "Steven Spielberg",
    "b": "Stanley Kubrick",
    "c": "George Lucas",
    "d": "Woody Allen",
    "answer": "b"
  },
  {
    "question": "What musical won the best picture oscar in 1966?",
    "a": "My Fair Lady",
    "b": "Camelot",
    "c": "Mary Poppins",
    "d": "The Sound of Music",
    "answer": "d"
  },
  {
    "question": "What was Stanley Ford's occupation in \"How to Murder Your Wife\"?",
    "a": "Author",
    "b": "Doctor",
    "c": "Insurance Agent",
    "d": "Cartoonist",
    "answer": "d"
  },
  {
    "question": "What orchestra performed the \"Star Wars\" soundtrack?",
    "a": "New York Symphony",
    "b": "London Symphony",
    "c": "Boston Symphony",
    "d": "Berlin Philharmonic",
    "answer": "b"
  },
  {
    "question": "The movie \"Psycho\" was based on a book by...",
    "a": "Alfred Hitchcock",
    "b": "Robert Bloch",
    "c": "Stephen King",
    "d": "Mary Shelley",
    "answer": "b"
  },
  {
    "question": "What distasteful substance was Mia Farrow forced to drink as Rosemary",
    "a": "Tannis Root",
    "b": "Blood",
    "c": "Hemlock",
    "d": "Salt water",
    "answer": "a"
  },
  {
    "question": "Who played TV's Bat Masterson?",
    "a": "James Garner",
    "b": "James Arness",
    "c": "Robert Preston",
    "d": "Gene Barry",
    "answer": "d"
  },
  {
    "question": "Who portrayed Charles Lindbergh in the film \"The Spirit of St. Louis\"",
    "a": "Jimmy Stewart",
    "b": "Clark Gable",
    "c": "Henry Fonda",
    "d": "Gregory Peck",
    "answer": "a"
  },
  {
    "question": "In \"Topper\", the ghosts Marian and George went by what last name?",
    "a": "Topper",
    "b": "Olson",
    "c": "Kirby",
    "d": "Wilson",
    "answer": "c"
  },
  {
    "question": "What is \"Oscar\", the figure on the Academy Award, standing on?",
    "a": "A star",
    "b": "A staircase",
    "c": "A plaque",
    "d": "A reel of film",
    "answer": "d"
  },
  {
    "question": "What was the name of Charles Foster Kane's sled in \"Citizen Kane\"?",
    "a": "Shangri-La",
    "b": "The Red Flyer",
    "c": "Challenger",
    "d": "Rosebud",
    "answer": "d"
  },
  {
    "question": "In \"Ode to Billy Joe\", what was Billy Joe's last name?",
    "a": "Tallahatchee",
    "b": "Gentrie",
    "c": "McAllister",
    "d": "Simms",
    "answer": "c"
  },
  {
    "question": "Why did Birdie go \"Bye, Bye\"?",
    "a": "He died",
    "b": "He was drafted",
    "c": "He went on tour",
    "d": "He was hospitalized",
    "answer": "b"
  },
  {
    "question": "Who played saxophone on \"The Girl From Ipanema\"?",
    "a": "Astrud Gilberto",
    "b": "Herb Alpert",
    "c": "Stan Getz",
    "d": "Tommy Newsome",
    "answer": "c"
  },
  {
    "question": "Who wrote \"God Bless America\"?",
    "a": "Kate Smith",
    "b": "Irving Berlin",
    "c": "Francis Scott Key",
    "d": "Ira Gershwin",
    "answer": "b"
  },
  {
    "question": "In 2001-A Space Odyssey, the space- station restaurant was called...",
    "a": "Hal's Diner",
    "b": "Howard Johnson's",
    "c": "Mess 4341",
    "d": "The Jupiter Lounge",
    "answer": "b"
  },
  {
    "question": "Which author wrote \"Carrie\", \"Cujo\" \"Salem's Lot\", and \"The Dead Zone\"",
    "a": "Robert Bloch",
    "b": "Stephen King",
    "c": "Mary Shelly",
    "d": "Arthur C. Clarke",
    "answer": "b"
  },
  {
    "question": "What color was Mr. Spock's blood?",
    "a": "Green",
    "b": "Red",
    "c": "Blue",
    "d": "Black",
    "answer": "a"
  },
  {
    "question": "Ray Charles went blind at what age?",
    "a": "23 years old",
    "b": "At birth",
    "c": "2 years old",
    "d": "6 years old",
    "answer": "d"
  },
  {
    "question": "Who started their career by dancing pixie in Hotpoint commercials?",
    "a": "Mary Tyler Moore",
    "b": "Barbara Walters",
    "c": "Barbara Streisand",
    "d": "June Taylor",
    "answer": "a"
  },
  {
    "question": "What color were Beatle Boots?",
    "a": "Blue",
    "b": "Black",
    "c": "Brown",
    "d": "Grey",
    "answer": "b"
  },
  {
    "question": "Bucky Beaver was the TV mascot for what toothpaste commercial?",
    "a": "Crest",
    "b": "Colgate",
    "c": "Gleem",
    "d": "Ipana",
    "answer": "d"
  },
  {
    "question": "In what film did Charlton Heston ride a horse named Babieca?",
    "a": "My Friend, Flicka",
    "b": "Ben Hur",
    "c": "A Horse Named Babe",
    "d": "El Cid",
    "answer": "d"
  },
  {
    "question": "In \"Indiana Jones and the Temple of Doom\", Jones's kid companion was:",
    "a": "Tiny",
    "b": "Peewee",
    "c": "Shrimpee",
    "d": "Shortie",
    "answer": "d"
  },
  {
    "question": "Which of these WAS NOT a character in the film, \"Ghostbusters\"?",
    "a": "Zulu",
    "b": "The Gate Keeper",
    "c": "The Storm Trooper",
    "d": "The Key Master",
    "answer": "c"
  },
  {
    "question": "Which magazine gives readers a look at the \"Bachelor of the Month\"?",
    "a": "Playgirl",
    "b": "Playboy",
    "c": "Cosmopolitan",
    "d": "Bachelor Fodder",
    "answer": "c"
  },
  {
    "question": "What was \"Bonanza\" retitled for syndication?",
    "a": "Ponderosa",
    "b": "The Cartwright's",
    "c": "Ponderosa Ranch",
    "d": "Cartwright Ranch",
    "answer": "a"
  },
  {
    "question": "Which was The Everly Brothers' 1st Number One song?",
    "a": "Wake up li'l Suzie",
    "b": "Bye Bye Love",
    "c": "A Taste of Honey",
    "d": "Dream Dream Dream",
    "answer": "b"
  },
  {
    "question": "What cartoon characters hailed from Frostbite Falls, Minnasota?",
    "a": "The Flinstones",
    "b": "Tom and Jerry",
    "c": "Rocky & Bullwinkle",
    "d": "Nancy & Sluggo",
    "answer": "c"
  },
  {
    "question": "What has been the largest selling single in recorded music history?",
    "a": "Staying Alive",
    "b": "Hey Jude",
    "c": "Hound Dog",
    "d": "White Christmas",
    "answer": "d"
  },
  {
    "question": "How were Jethro and Ellie-Mae Clampett related?",
    "a": "Brother & sister",
    "b": "Father and daughter",
    "c": "Cousins",
    "d": "Half-siblings",
    "answer": "c"
  },
  {
    "question": "The television show, \"60 Minutes\" debuted in which year?",
    "a": "1964",
    "b": "1968",
    "c": "1971",
    "d": "1974",
    "answer": "b"
  },
  {
    "question": "What was the name of Tom Jones's first hit record in the U.S.?",
    "a": "What's New Pussycat",
    "b": "Green Grass of Home",
    "c": "Suspicions",
    "d": "It's Not Unusual",
    "answer": "d"
  },
  {
    "question": "Who is the voice of Kermit, the Frog?",
    "a": "Jim Henson",
    "b": "Don Olander",
    "c": "Jim Brown",
    "d": "Mel Blanc",
    "answer": "a"
  },
  {
    "question": "What language was Doctor Zhivago written in?",
    "a": "Greek",
    "b": "Hebrew",
    "c": "Russian",
    "d": "Ugandan",
    "answer": "c"
  },
  {
    "question": "Which Carole King album was the top selling album ever until 1976?",
    "a": "The King Family",
    "b": "Caroleing",
    "c": "Rumours",
    "d": "Tapestry",
    "answer": "d"
  },
  {
    "question": "Who was the television host for the series, \"Cosmos\"?",
    "a": "Karl Malden",
    "b": "Carl Sandburg",
    "c": "Carly Simon",
    "d": "Carl Sagan",
    "answer": "d"
  },
  {
    "question": "The surrealistic dream scene in the movie \"Spellbound\" was designed by",
    "a": "Salvadore Dali",
    "b": "Alfred Hitchcock",
    "c": "Andy Warhol",
    "d": "Rock Hudson",
    "answer": "a"
  },
  {
    "question": "What science fiction classic was based on Shakespeare's The Tempest",
    "a": "War of the Worlds",
    "b": "Forbidden Planet",
    "c": "The Time Machine",
    "d": "The Thing",
    "answer": "b"
  },
  {
    "question": "Who was dubbed \"The Big O\"?",
    "a": "Tony Orlando",
    "b": "O.J. Simpson",
    "c": "Annie Oakley",
    "d": "Roy Orbison",
    "answer": "d"
  },
  {
    "question": "\"It Don't Come Easy\" was the name of which Beatles's 1st solo album?",
    "a": "John",
    "b": "Paul",
    "c": "George",
    "d": "Ringo",
    "answer": "d"
  },
  {
    "question": "Who wrote \"True Love Ways\", a 1965 hit for Peter & Gordon?",
    "a": "Peter Asher",
    "b": "Gordon McRae",
    "c": "Paul McCartney",
    "d": "Buddy Holly",
    "answer": "d"
  },
  {
    "question": "Who starred in the lead role as \"The Man From U.N.C.L.E.\"?",
    "a": "David Soul",
    "b": "Illiya Kuriyakin",
    "c": "Robert Wagner",
    "d": "Robert Vaughan",
    "answer": "d"
  },
  {
    "question": "What police-officer-turned-writer wrote \"The Blue Knight\"?",
    "a": "Joseph Heller",
    "b": "Joseph Choirboy",
    "c": "Joseph Wambaugh",
    "d": "James Woods",
    "answer": "c"
  },
  {
    "question": "What color was Superman's belt?",
    "a": "Yellow",
    "b": "Red",
    "c": "Blue",
    "d": "Cyan",
    "answer": "a"
  },
  {
    "question": "Which actor once represented Scotland in a Mr. Universe contest",
    "a": "Richard Burton",
    "b": "Roger Moore",
    "c": "Sean Connery",
    "d": "Robert Shaw",
    "answer": "c"
  },
  {
    "question": "What product's TV commercials used the line \"Ring Around The Collar\"?",
    "a": "Comet",
    "b": "All",
    "c": "Wisk",
    "d": "Cheer",
    "answer": "c"
  },
  {
    "question": "Which of these WAS NOT a member of Monty Python?",
    "a": "Michael Gilliam",
    "b": "Terry Jones",
    "c": "Eric Idle",
    "d": "John Cleese",
    "answer": "a"
  },
  {
    "question": "Who wrote the children's book, \"Last of the Great Whangdoodles\"?",
    "a": "Dr. Seuss",
    "b": "Bill Cosby",
    "c": "Art Linkletter",
    "d": "Julie Andrews",
    "answer": "d"
  },
  {
    "question": "What Emmy Award winner narrated the Jacques Cousteau TV specials?",
    "a": "Cousteau himself",
    "b": "Cousetau's son",
    "c": "Rod Serling",
    "d": "Lloyd Bridges",
    "answer": "c"
  },
  {
    "question": "What James Bond film used the Space Shuttle?",
    "a": "Moonraker",
    "b": "Live and Let Die",
    "c": "Never Say Never",
    "d": "Thunderball",
    "answer": "a"
  },
  {
    "question": "The Stevie Wonder song, \"Isn't She Lovely?\" was about whom?",
    "a": "His daughter",
    "b": "His mother",
    "c": "His wife",
    "d": "His girlfriend",
    "answer": "a"
  },
  {
    "question": "Mel Blanc DID NOT provide the voice for which of these characters?",
    "a": "Barney Rubble",
    "b": "Bugs Bunny",
    "c": "Daffy Duck",
    "d": "Donald Duck",
    "answer": "d"
  },
  {
    "question": "What did the Wicked Witch of the West want from Dorothy?",
    "a": "Broom",
    "b": "Magic Keys",
    "c": "Shoes",
    "d": "Emerald Necklass",
    "answer": "c"
  },
  {
    "question": "Who played Disney's Pollyanna?",
    "a": "Annette Funicello",
    "b": "Sandra Dee",
    "c": "Donna Mills",
    "d": "Hayley Mills",
    "answer": "d"
  },
  {
    "question": "What character went deaf in the final episode of M*A*S*H?",
    "a": "Hawkeye Pierce",
    "b": "Radar",
    "c": "Colonel Potter",
    "d": "Father Mulcahy",
    "answer": "d"
  },
  {
    "question": "What's the pseudonym of disc jockey Robert Smith?",
    "a": "Murry the K",
    "b": "Wolfman Jack",
    "c": "Robert Coughperson",
    "d": "R.C. Smith",
    "answer": "d"
  },
  {
    "question": "What was Walt Disney's first full- length feature cartoon?",
    "a": "Snow White",
    "b": "Cinderella",
    "c": "Steamboat Willy",
    "d": "Sleeping Beauty",
    "answer": "a"
  },
  {
    "question": "Who was the first black to win a best actor Emmy?",
    "a": "Dick Gregory",
    "b": "Godfrey Cambridge",
    "c": "Bill Cosby",
    "d": "Sidney Poitier",
    "answer": "c"
  },
  {
    "question": "What was Elvis Presley's first film, in 1956?",
    "a": "Hawaiian Holiday",
    "b": "Soldier Blues",
    "c": "Love Me Tender",
    "d": "Beach Party",
    "answer": "c"
  },
  {
    "question": "What comedian once boxed under the name Packy East?",
    "a": "Dean Martin",
    "b": "Jerry Lewis",
    "c": "Godfrey Cambridge",
    "d": "Bob Hope",
    "answer": "d"
  },
  {
    "question": "Who said \"I never met a man I didn't like\".",
    "a": "Eva Gabor",
    "b": "Mae West",
    "c": "John Denver",
    "d": "Will Rogers",
    "answer": "d"
  },
  {
    "question": "What was Columbo's first name?",
    "a": "Charles",
    "b": "Philip",
    "c": "Chuck",
    "d": "Michael",
    "answer": "b"
  },
  {
    "question": "What was the name of Baretta's cockatoo?",
    "a": "Fred",
    "b": "Pete",
    "c": "Rose",
    "d": "Charlie",
    "answer": "a"
  },
  {
    "question": "In what country was the John Wayne film, \"The Quiet Man\", set?",
    "a": "United States",
    "b": "England",
    "c": "Germany",
    "d": "Ireland",
    "answer": "d"
  },
  {
    "question": "Who portrayed Benny Goodman in \"The Benny Goodman Story\"?",
    "a": "Steve Allen",
    "b": "James Stewart",
    "c": "Benny Goodman",
    "d": "Henry Fonda",
    "answer": "a"
  },
  {
    "question": "Who was known as \"America's Sweetheart\"?",
    "a": "Shirley Temple",
    "b": "Ginger Rogers",
    "c": "Marilyn Monroe",
    "d": "Mary Pickford",
    "answer": "d"
  },
  {
    "question": "What city is terrorized by Dracula in \"The Night Stalker\"?",
    "a": "Detroit",
    "b": "Las Vegas",
    "c": "New York",
    "d": "Hollywood",
    "answer": "b"
  },
  {
    "question": "Which of these HAS NOT portrayed a villian on TV's Batman show?",
    "a": "Joan Collins",
    "b": "Vincent Price",
    "c": "Burgess Meredith",
    "d": "Don Rickles",
    "answer": "d"
  },
  {
    "question": "What movie featured bands of teenage thugs called \"Droogs\"?",
    "a": "West Side Story",
    "b": "Clockwork Orange",
    "c": "Yellow Submarine",
    "d": "The Wild One",
    "answer": "b"
  },
  {
    "question": "What singer/actress got her start in a gay bath house in New York?",
    "a": "Deborah Harry",
    "b": "Linda Ronstadt",
    "c": "Bette Midler",
    "d": "Barbra Streisand",
    "answer": "c"
  },
  {
    "question": "Who played the first film Tarzan?",
    "a": "Johnny Weissmuller",
    "b": "Buster Crabbe",
    "c": "Steve Reeves",
    "d": "Elmo Lincoln",
    "answer": "d"
  },
  {
    "question": "What century was the setting for TV's \"Star Trek\"?",
    "a": "20th century",
    "b": "23rd century",
    "c": "25th century",
    "d": "30th century",
    "answer": "b"
  },
  {
    "question": "For what film did John Wayne receive his only Oscar?",
    "a": "The Green Berets",
    "b": "Rooster Cogburn",
    "c": "The Shootist",
    "d": "True Grit",
    "answer": "d"
  },
  {
    "question": "What musical instrument does Woody Allen play professionally?",
    "a": "Guitar",
    "b": "Saxophone",
    "c": "Harpsichord",
    "d": "Clarinet",
    "answer": "d"
  },
  {
    "question": "Who narrated \"The Untouchables\" for 25 thousand dollars an episode?",
    "a": "Robert Stack",
    "b": "Walter Winchell",
    "c": "Robert Taylor",
    "d": "Ronald Reagan",
    "answer": "b"
  },
  {
    "question": "Who played Marlon Brando's brother in \"On the Waterfront\"?",
    "a": "Lee J. Cobb",
    "b": "Karl Malden",
    "c": "Rod Steiger",
    "d": "Robert Duvall",
    "answer": "c"
  },
  {
    "question": "What's the \"trouble\" right here in River City?",
    "a": "Drugs",
    "b": "Pool",
    "c": "Sock Hops",
    "d": "Motorcyclye Gangs",
    "answer": "b"
  },
  {
    "question": "What was the name of the white gang in \"West Side Story\"?",
    "a": "The Jets",
    "b": "The Sharks",
    "c": "The Alley Cats",
    "d": "The Stray Cats",
    "answer": "a"
  },
  {
    "question": "What won a 1972 poll as The Best Film Ever Made?",
    "a": "Gone With The Wind",
    "b": "Citizen Kane",
    "c": "Casablanca",
    "d": "Rear Window",
    "answer": "b"
  },
  {
    "question": "Who sang \"A Boy Named Sue\"?",
    "a": "Roy Orbison",
    "b": "Marty Robbins",
    "c": "Johnny Cash",
    "d": "Willie Nelson",
    "answer": "d"
  },
  {
    "question": "How many eggs did Cool Hand Luke bet he could eat in one hour?",
    "a": "25",
    "b": "75",
    "c": "100",
    "d": "50",
    "answer": "d"
  },
  {
    "question": "What was Rhoda's maiden name?",
    "a": "Steinbrenner",
    "b": "Dershowitz",
    "c": "Morgenstern",
    "d": "Zinberg",
    "answer": "c"
  },
  {
    "question": "Which jazz-rock guitarist recorded with The Mahavishnu Orchestra?",
    "a": "Larry Coryell",
    "b": "Al DiMeola",
    "c": "John McLaughlin",
    "d": "Paul Skalicky",
    "answer": "c"
  },
  {
    "question": "Sandra Dee's real name is...",
    "a": "Cassandra Deerstein",
    "b": "Cassie Steinberg",
    "c": "Juliet Mishka",
    "d": "Alexandra Zuck",
    "answer": "d"
  },
  {
    "question": "In \"The Mouse That Roared\", which country declared war on the U.S.?",
    "a": "Germany",
    "b": "Lichstenstein",
    "c": "Grand Duchy",
    "d": "Grand Fenwick",
    "answer": "d"
  },
  {
    "question": "Donald Fagen and Walter Becker are better known as...",
    "a": "Steely Dan",
    "b": "Righteous Brothers",
    "c": "The Blues Brothers",
    "d": "Pink Floyd",
    "answer": "a"
  },
  {
    "question": "What actor led the attack on \"The Bridge Over the River Kwai\"?",
    "a": "Alec Guiness",
    "b": "Burt Lancaster",
    "c": "Jack Hawkins",
    "d": "Dirk Bogarde",
    "answer": "c"
  },
  {
    "question": "Who wrote the song, \"The Look of Love\"?",
    "a": "Burt Bacharach",
    "b": "Dusty Springfield",
    "c": "Skeeter Davis",
    "d": "Paul Anka",
    "answer": "a"
  },
  {
    "question": "Besides Marlon Brando, who else in the 1970's refused their Oscar?",
    "a": "Jane Fonda",
    "b": "Vanessa Redgrave",
    "c": "George C. Scott",
    "d": "Dustin Hoffman",
    "answer": "c"
  },
  {
    "question": "Which of these WAS NOT a song by The Chiffons?",
    "a": "He's So Fine",
    "b": "One Fine Day",
    "c": "A Love So Fine",
    "d": "Nothing Finer",
    "answer": "d"
  },
  {
    "question": "What watch manufacturer sponsored the first TV commercial ever?",
    "a": "Timex",
    "b": "Bulova",
    "c": "Rolex",
    "d": "Seiko",
    "answer": "b"
  },
  {
    "question": "Who played Dr. Gillespie on TV's Dr. Kildairs?",
    "a": "Sam Jaffe",
    "b": "James Brolin",
    "c": "Richard Chamberlain",
    "d": "Raymond Massey",
    "answer": "d"
  },
  {
    "question": "In the U.S., a platinum record is one whose sales have reached...",
    "a": "1 million dollars",
    "b": "5 million dollars",
    "c": "1 million units",
    "d": "5 million units",
    "answer": "c"
  },
  {
    "question": "Where did The Beatles perform their FIRST U.S. concert?",
    "a": "Ed Sullivan Show",
    "b": "Washington, D.C.",
    "c": "Carnegie Hall, NY",
    "d": "Candlestick Park",
    "answer": "b"
  },
  {
    "question": "In \"2001-A Space Odyssey\", what was the computer Hal's model number?",
    "a": "4000",
    "b": "2000",
    "c": "9000",
    "d": "10000",
    "answer": "c"
  },
  {
    "question": "What was the name of Ricky Nelson's brother?",
    "a": "Johnny Nelson",
    "b": "Ozzie Nelson",
    "c": "David Nelson",
    "d": "Mark Nelson",
    "answer": "c"
  },
  {
    "question": "What note is the top and bottom string of a guitar tuned to?",
    "a": "A",
    "b": "E",
    "c": "G",
    "d": "C",
    "answer": "b"
  },
  {
    "question": "What film holds the record for the most Academy Awards (eleven)?",
    "a": "Ben Hur",
    "b": "Gone With The Wind",
    "c": "The Godfather",
    "d": "Annie Hall",
    "answer": "a"
  },
  {
    "question": "Who signed Hollywood's first one- million dollar contract?",
    "a": "Elizabeth Taylor",
    "b": "Humphrey Bogart",
    "c": "Richard Burton",
    "d": "Charlie Chaplin",
    "answer": "d"
  },
  {
    "question": "Which of these IS NOT associated with Kris Kristofferson?",
    "a": "Rhodes Scholar",
    "b": "West Point Academy",
    "c": "\"Me & Bobby McGee\"",
    "d": "Never married",
    "answer": "d"
  },
  {
    "question": "What was the theme song of The Dorsey Brothers Band?",
    "a": "Salamander",
    "b": "Salmon",
    "c": "Sad Man",
    "d": "Sandman",
    "answer": "d"
  },
  {
    "question": "The professor portrayed by Groucho Marx in \"Horsefeathers\"?",
    "a": "Rufus T. Firefly",
    "b": "Dr. Firesign",
    "c": "Quincy Wagstaff",
    "d": "Dr. Demento",
    "answer": "c"
  },
  {
    "question": "Who had a hit music video with the parody entitled \"Eat It\"?",
    "a": "Dr. Demento",
    "b": "Wierd Al Yankovich",
    "c": "Blue & Strange Brew",
    "d": "Eddie & The Nasties",
    "answer": "b"
  },
  {
    "question": "Who has won the most Best Actress Academy Award Oscars?",
    "a": "Barbra Streisand",
    "b": "Jane Fonda",
    "c": "Katherine Hepburn",
    "d": "Elizabeth Taylor",
    "answer": "c"
  },
  {
    "question": "What prop did Henny Youngman always carry?",
    "a": "A bottle",
    "b": "A cigar",
    "c": "A cane",
    "d": "A violin",
    "answer": "d"
  },
  {
    "question": "Who had the lead role in the TV series, \"Mr. Novak\"?",
    "a": "Richard Chamberlain",
    "b": "Tony Francisosa",
    "c": "James Franciscus",
    "d": "David Jannsen",
    "answer": "c"
  },
  {
    "question": "What actor played Woody Allen's best friend in \"Annie Hall\"?",
    "a": "Robert Anthony",
    "b": "Roberto Antonio",
    "c": "Tommy Robinson",
    "d": "Tony Roberts",
    "answer": "d"
  },
  {
    "question": "Which of these singers WAS NOT blind?",
    "a": "Stevie Wonder",
    "b": "Roy Orbison",
    "c": "Ray Charles",
    "d": "Jose Feliciano",
    "answer": "b"
  },
  {
    "question": "In the Dick Van Dyke Show, what did Sally Rogers wear in her hair?",
    "a": "A Bow",
    "b": "A Rose",
    "c": "A Carnation",
    "d": "An Orchid",
    "answer": "a"
  },
  {
    "question": "Who played the tough cop in the film, \"McQ\"?",
    "a": "Peter Falk",
    "b": "Steve McQueen",
    "c": "John Wayne",
    "d": "Ernest Borgnine",
    "answer": "c"
  },
  {
    "question": "Which of these movies DID NOT feature Bette Midler?",
    "a": "The Rose",
    "b": "Hawaii",
    "c": "Jinxed",
    "d": "Gimme Shelter",
    "answer": "d"
  },
  {
    "question": "What's the first name of childen's show host, Mr. Rogers?",
    "a": "Roy",
    "b": "Robert",
    "c": "Frank",
    "d": "Fred",
    "answer": "d"
  },
  {
    "question": "How many Beethoven symphonies are there?",
    "a": "4",
    "b": "None",
    "c": "9",
    "d": "5",
    "answer": "c"
  },
  {
    "question": "What is a \"Strat\"?",
    "a": "A guitar",
    "b": "A record executive",
    "c": "A movie executive",
    "d": "A video executive",
    "answer": "a"
  },
  {
    "question": "The music group Average White Band came from...",
    "a": "Scotland",
    "b": "Harlem",
    "c": "Scarsdale, NY",
    "d": "Australia",
    "answer": "a"
  },
  {
    "question": "What bad guy was portrayed by Burgess Meredith on TV's Batman?",
    "a": "The Riddler",
    "b": "The CatMan",
    "c": "The Penguin",
    "d": "The Freeze",
    "answer": "c"
  },
  {
    "question": "Which of these actors WAS NOT in the movie \"Apocalypse Now\"?",
    "a": "Marlon Brando",
    "b": "Martin Sheen",
    "c": "Robert Duvall",
    "d": "Lee Marvin",
    "answer": "d"
  },
  {
    "question": "What musical group refused to be photographed without its make-up?",
    "a": "The Beatles",
    "b": "The Rolling Stones",
    "c": "Led Zeppelin",
    "d": "Kiss",
    "answer": "d"
  },
  {
    "question": "In which country did \"The Sound of Music\" take place?",
    "a": "Germany",
    "b": "England",
    "c": "Austria",
    "d": "France",
    "answer": "c"
  },
  {
    "question": "\"The Marcus Nelson Murders\" was the pilot for what popular TV series?",
    "a": "The Mod Squad",
    "b": "McCloud",
    "c": "Kojak",
    "d": "Madigan",
    "answer": "c"
  },
  {
    "question": "In what year did The Beatles first arrive in the United States?",
    "a": "1963",
    "b": "1964",
    "c": "1965",
    "d": "1960",
    "answer": "b"
  },
  {
    "question": "Stanley Kubrick DID NOT direct which of the following films?",
    "a": "2001-Space Odyssey",
    "b": "Lolita",
    "c": "Spartacus",
    "d": "Soylent Green",
    "answer": "d"
  },
  {
    "question": "What commercial product was called \"Stronger Than Dirt\"?",
    "a": "Ajax",
    "b": "Comet",
    "c": "Cheer",
    "d": "All",
    "answer": "a"
  },
  {
    "question": "What was the name of Bill Cosby's brother and bed-mate?",
    "a": "Albert",
    "b": "Russell",
    "c": "Leroy",
    "d": "Steven",
    "answer": "b"
  },
  {
    "question": "Where did Jan & Dean say there were \"Two Girls For Every Boy\"?",
    "a": "Pallisades Park",
    "b": "Strawberry Fields",
    "c": "Surf City, USA",
    "d": "Waikiki Beach",
    "answer": "c"
  },
  {
    "question": "What is the name of William F. Buckley, Jr.'s television show?",
    "a": "Point-Counterpoint",
    "b": "Crossfire",
    "c": "Firing Squad",
    "d": "Firing Line",
    "answer": "d"
  },
  {
    "question": "On TV's M*A*S*H, what was Radar O'Reilley's first name?",
    "a": "Walter",
    "b": "Rod",
    "c": "Tommy",
    "d": "Gary",
    "answer": "a"
  },
  {
    "question": "What was Bob Dylan's real name?",
    "a": "Robert Zimmerman",
    "b": "Paul Hibbing",
    "c": "Joshua Schwartz",
    "d": "Billy Kitt",
    "answer": "a"
  },
  {
    "question": "What comedian \"kicked the bucket\" in \"It's a Mad, Mad, Mad World\"?",
    "a": "Jonathan Winters",
    "b": "Jerry Lewis",
    "c": "Woody Allen",
    "d": "Jimmy Durante",
    "answer": "d"
  },
  {
    "question": "How many Brandenburg Concertos did Bach publish?",
    "a": "2",
    "b": "4",
    "c": "6",
    "d": "8",
    "answer": "c"
  },
  {
    "question": "George O'Dowd was the real name of what well-known figure?",
    "a": "Georgie Porgie",
    "b": "Georgie Girl",
    "c": "George Harrison",
    "d": "Boy George",
    "answer": "d"
  },
  {
    "question": "Who portrayed Spock's human mother on TV's \"Star Trek\"?",
    "a": "Jane Wyatt",
    "b": "Jane Wyman",
    "c": "June Lockhart",
    "d": "Barbara Billingsley",
    "answer": "a"
  },
  {
    "question": "Who played the respectable hooker in \"From Here to Eternity\"?",
    "a": "Jane Wyatt",
    "b": "Barbara Billingsley",
    "c": "Donna Reed",
    "d": "June Lockhart",
    "answer": "c"
  },
  {
    "question": "What was the first Top-Ten song for Peter, Paul and Mary?",
    "a": "Blowing in the Wind",
    "b": "Puff",
    "c": "If I Had A Hammer",
    "d": "Jet Plane",
    "answer": "c"
  },
  {
    "question": "Who sang the theme for the James Bond film, \"You Only Live Twice\"?",
    "a": "Shana Easton",
    "b": "Paul McCartney",
    "c": "Carly Simon",
    "d": "Nancy Sinatra",
    "answer": "d"
  },
  {
    "question": "Sean Connery DID NOT have the lead role in which of these films?",
    "a": "Zardoz",
    "b": "Marnie",
    "c": "Moonraker",
    "d": "Outland",
    "answer": "c"
  },
  {
    "question": "What was the name of Bill Cosby's partner in \"I Spy\"?",
    "a": "Tony Roberts",
    "b": "Jack Klugman",
    "c": "Robert Culp",
    "d": "Steve Lawrence",
    "answer": "c"
  },
  {
    "question": "In what city was the film \"The Verdict\" set?",
    "a": "New York",
    "b": "Philadelphia",
    "c": "Baltimore",
    "d": "Boston",
    "answer": "d"
  },
  {
    "question": "In which city was \"The Music Man\" set?",
    "a": "Philadelphia",
    "b": "Atlantic City",
    "c": "River City",
    "d": "New Orleans",
    "answer": "c"
  },
  {
    "question": "In which city did Laverne & Shirley ORIGINALLY live?",
    "a": "Los Angeles",
    "b": "Milwaukee",
    "c": "Rochester",
    "d": "St. Paul",
    "answer": "b"
  },
  {
    "question": "In what city does \"Dynasty\" take place?",
    "a": "Boston",
    "b": "Philadelphia",
    "c": "Denver",
    "d": "New York",
    "answer": "c"
  },
  {
    "question": "In what city is Motown Records located?",
    "a": "Hollywood",
    "b": "Nashville",
    "c": "New York",
    "d": "Detroit",
    "answer": "d"
  },
  {
    "question": "In what city is Penny Lane located?",
    "a": "Liverpool",
    "b": "London",
    "c": "San Francisco",
    "d": "Augusta, Georgia",
    "answer": "a"
  },
  {
    "question": "In what city did The Flintstones live?",
    "a": "Flintstone",
    "b": "Flintrock",
    "c": "Bedstone",
    "d": "Bedrock",
    "answer": "d"
  },
  {
    "question": "\"City Lights\" was the name of a film by whom?",
    "a": "Buster Crabbe",
    "b": "Charlie Chan",
    "c": "Charlie Chaplin",
    "d": "The Marx Brothers",
    "answer": "c"
  },
  {
    "question": "In what city was Woodstock held?",
    "a": "Woodstock, NY",
    "b": "Albany, NY",
    "c": "Utica, NY",
    "d": "Bethel, NY",
    "answer": "d"
  },
  {
    "question": "Where did Luke Skywalker grow up?",
    "a": "The Degeba System",
    "b": "Tatouinne",
    "c": "The Death Star",
    "d": "Thoth",
    "answer": "b"
  },
  {
    "question": "In what city did \"All in the Family\" take place?",
    "a": "Peoria, Illinios",
    "b": "Des Moines, Iowa",
    "c": "New York, New York",
    "d": "Akron, Ohio",
    "answer": "c"
  },
  {
    "question": "In which city did \"Flashdance\" take place?",
    "a": "New York",
    "b": "Chicago",
    "c": "Pittsburgh",
    "d": "Philadelphia",
    "answer": "d"
  },
  {
    "question": "What city is also known as \"Music City, U.S.A.\"?",
    "a": "Hollywood, CA",
    "b": "New York, NY",
    "c": "Nashville, TN",
    "d": "Burbank, CA",
    "answer": "c"
  },
  {
    "question": "Where was Joan Baez born?",
    "a": "San Francisco, CA",
    "b": "Staten Island, NY",
    "c": "Wichita, Kansas",
    "d": "Houston, Texas",
    "answer": "b"
  },
  {
    "question": "What rock group uses roman numerals on all of its album covers?",
    "a": "Boston",
    "b": "Chicago",
    "c": "Miami",
    "d": "The Asbury Jukes",
    "answer": "b"
  },
  {
    "question": "What music video shows Randy Newman driving a convertible?",
    "a": "Hollywood",
    "b": "I Hate New York",
    "c": "Atlanta Here I Come",
    "d": "I Love L.A.",
    "answer": "d"
  },
  {
    "question": "Where are The Bee Gees originally from?",
    "a": "Newcastle, England",
    "b": "Sydney, Australia",
    "c": "Melbourne Australia",
    "d": "Johannasburgh, S.A.",
    "answer": "a"
  },
  {
    "question": "Marty Robbins had his biggest Country hit with the song...",
    "a": "El Paso",
    "b": "Houston",
    "c": "Jackson",
    "d": "Santa Fe Sweetheart",
    "answer": "a"
  },
  {
    "question": "In what city was Bill Graham's FIRST Fillmore Ballroom located?",
    "a": "New York",
    "b": "San Francisco",
    "c": "Los Angeles",
    "d": "Boston",
    "answer": "b"
  },
  {
    "question": "Where was Buddy Holley from?",
    "a": "Nashville, TN",
    "b": "Memphis, TN",
    "c": "Lubbock, Texas",
    "d": "Santa Fe, NM",
    "answer": "c"
  },
  {
    "question": "Who was the first guest host on \"Saturday Night Live\"?",
    "a": "Steve Martin",
    "b": "George Carlin",
    "c": "Paul Simon",
    "d": "Lily Tomlin",
    "answer": "b"
  },
  {
    "question": "Which TV show was based on the death of Helen Kimble?",
    "a": "The Miracle Worker",
    "b": "Kojak",
    "c": "The Fugitive",
    "d": "Miami Vice",
    "answer": "c"
  },
  {
    "question": "Who played the role of the 12 year old prostitute in \"Taxi Driver\"?",
    "a": "Muriel Hemingway",
    "b": "Jodi Foster",
    "c": "Brooke Shields",
    "d": "Tatum O'Neal",
    "answer": "b"
  },
  {
    "question": "In the film \"The Sting\", who played the role of Henry Gondorff?",
    "a": "Paul Newman",
    "b": "Robert Redford",
    "c": "Jackie Gleason",
    "d": "Robert Shaw",
    "answer": "a"
  },
  {
    "question": "In \"The Blues Brothers\", Jake's brother was named...",
    "a": "Joshua",
    "b": "Leroy",
    "c": "Elwood",
    "d": "Haieleah",
    "answer": "c"
  },
  {
    "question": "What TV show saw 99 marry 86?",
    "a": "Man From U.N.C.L.E.",
    "b": "The Prisoner",
    "c": "Get Smart",
    "d": "I Spy",
    "answer": "c"
  },
  {
    "question": "The Beatles' LAST film project was:",
    "a": "Yellow Submarine",
    "b": "Let it Be",
    "c": "Hard Day's Night",
    "d": "Help!",
    "answer": "b"
  },
  {
    "question": "\"Got to Be There\" was the first solo hit for which artist?",
    "a": "George Harrison",
    "b": "Mick Jagger",
    "c": "Michael Jackson",
    "d": "Paul McCartney",
    "answer": "c"
  },
  {
    "question": "Who had the 1978 hit \"Take This Job and Shove it\"?",
    "a": "Johnny Paycheck",
    "b": "Hank Stub",
    "c": "Charley Pride",
    "d": "The Oakridge Boys",
    "answer": "a"
  },
  {
    "question": "What was Clarence Rutherford's nickname?",
    "a": "Babe",
    "b": "Louisville Slugger",
    "c": "Yankee Doodle",
    "d": "Lumpy",
    "answer": "d"
  },
  {
    "question": "Chevy Chase's REAL NAME is actually...",
    "a": "Charles Chase",
    "b": "Charles Chatworth",
    "c": "Chevalier Chaseborn",
    "d": "Chevy Chase",
    "answer": "d"
  },
  {
    "question": "Which of these films DID NOT feature actress Sigourney Weaver?",
    "a": "Ghostbusters",
    "b": "Alien",
    "c": "Deal of the Century",
    "d": "The Big Chill",
    "answer": "d"
  },
  {
    "question": "What was Stevie Wonder's first big hit song?",
    "a": "Fingertips",
    "b": "My Cheri Amor",
    "c": "Superstitious",
    "d": "Uptight, Outasight",
    "answer": "a"
  },
  {
    "question": "Who did Ed Sullivan promise would NEVER appear on his show again?",
    "a": "The Doors",
    "b": "The Beatles",
    "c": "The Rolling Stones",
    "d": "The Sex Pistols",
    "answer": "c"
  },
  {
    "question": "Who had the her first hit in 1962 with \"Don't Make Me Over\"?",
    "a": "Diahann Carrol",
    "b": "Roberta Flack",
    "c": "Dionne Warwick",
    "d": "Linda Rondstadt",
    "answer": "c"
  },
  {
    "question": "Which of these was the first hit song for The Four Seasons?",
    "a": "Big Girls Don't Cry",
    "b": "Candy Girl",
    "c": "Sherrie",
    "d": "Dawn",
    "answer": "c"
  },
  {
    "question": "In what year did Johnny Carson take over The Tonight Show?",
    "a": "1962",
    "b": "1967",
    "c": "1954",
    "d": "1969",
    "answer": "a"
  },
  {
    "question": "Which of these actresses WAS NOT married to John Derek?",
    "a": "Bo Derek",
    "b": "Linda Evans",
    "c": "Ursula Andress",
    "d": "Lauren Hutton",
    "answer": "d"
  },
  {
    "question": "What is Beverly Sills's nickname?",
    "a": "Ms. Met",
    "b": "Chuckles",
    "c": "Mama",
    "d": "Bubbles",
    "answer": "d"
  },
  {
    "question": "What college did \"Flashdance\" star Jennifer Beals attend?",
    "a": "Radcliffe",
    "b": "Yale",
    "c": "Stanford",
    "d": "Never went.",
    "answer": "b"
  },
  {
    "question": "Who portrayed Beaver Cleaver's mother on \"Leave it to Beaver\"?",
    "a": "Jane Wyman",
    "b": "Barbara Billingsley",
    "c": "June Lockhart",
    "d": "Donna Reed",
    "answer": "b"
  },
  {
    "question": "Who portrayed the mother on the TV show \"Lost in Space\"?",
    "a": "Angela Cartwright",
    "b": "June Lockhart",
    "c": "Barbara Billingsley",
    "d": "Jane Wyman",
    "answer": "b"
  },
  {
    "question": "Who portrayed the mother on the TV show \"Father Knows Best\"?",
    "a": "Jane Wyman",
    "b": "June Lockhart",
    "c": "Donna Reed",
    "d": "Barbara Billingsley",
    "answer": "a"
  },
  {
    "question": "Who played Johnny Crawford's mother on \"The Rifleman\"?",
    "a": "Jane Wyman",
    "b": "June Lockhart",
    "c": "Barbara Billingsley",
    "d": "Nobody ever did",
    "answer": "d"
  },
  {
    "question": "What was George Jetson's wife's name?",
    "a": "Judy",
    "b": "Jane",
    "c": "Betty",
    "d": "Joan",
    "answer": "b"
  },
  {
    "question": "Who plays the role of Fallon's mother on TV's \"Dynasty\"?",
    "a": "Linda Evans",
    "b": "Joan Collins",
    "c": "Diahann Carroll",
    "d": "Pamela Bellwood",
    "answer": "b"
  },
  {
    "question": "Who portrayed the mother on the TV show \"My Three Sons\"?",
    "a": "Agnes Moorehead",
    "b": "June Lockhart",
    "c": "Nobody ever did",
    "d": "Sally Fields",
    "answer": "c"
  },
  {
    "question": "Who portrayed Samantha Stevens's mother on \"Bewitched\"?",
    "a": "Ava Gabor",
    "b": "Liz Montgomery",
    "c": "Agnes Moorehead",
    "d": "Edith Head",
    "answer": "c"
  },
  {
    "question": "Who played John-Boy's mother on The Waltons's?",
    "a": "Michael Douglas",
    "b": "Michael Learned",
    "c": "Meredith Baxter",
    "d": "Leslie Neilson",
    "answer": "b"
  },
  {
    "question": "Who plays Lance's mother on the TV show \"Falcon Crest\"?",
    "a": "Jane Wyman",
    "b": "Susan Sullivan",
    "c": "Ann Alicia",
    "d": "Laura Johnson",
    "answer": "a"
  },
  {
    "question": "Who portrayed the mother on TV's \"Brady Bunch\"?",
    "a": "June Allison",
    "b": "Florence Henderson",
    "c": "Jane Wyatt",
    "d": "June Meredith",
    "answer": "b"
  },
  {
    "question": "Who portrayed the father on TV's \"Brady Bunch\"?",
    "a": "Robert Reed",
    "b": "Robert Young",
    "c": "Darren McCleod",
    "d": "Dick York",
    "answer": "a"
  },
  {
    "question": "Who portrayed the father on TV's \"Father Knows Best\"?",
    "a": "Brian Keith",
    "b": "Hugh Beaumont",
    "c": "Robert Young",
    "d": "Robert Taylor",
    "answer": "c"
  },
  {
    "question": "Who portrayed the father on TV's \"The Donna Reed Show\"?",
    "a": "Carl Betz",
    "b": "Robert Reed",
    "c": "Richard Rawlings",
    "d": "Tim Bosley",
    "answer": "a"
  },
  {
    "question": "Who portrayed the father on TV's \"Leave it to Beaver\"?",
    "a": "Mel Cooley",
    "b": "Hugh Beaumont",
    "c": "Fred MacMurray",
    "d": "Richard Rawlings",
    "answer": "b"
  },
  {
    "question": "Who portrayed the father on TV's \"Happy Days\"?",
    "a": "Fred MacMurray",
    "b": "Robert Young",
    "c": "Richard Best",
    "d": "Tim Bosley",
    "answer": "d"
  },
  {
    "question": "What was Bam-Bam's father's name on TV's \"Flintstones\"?",
    "a": "Bernie",
    "b": "David",
    "c": "Barney",
    "d": "Darryl",
    "answer": "c"
  },
  {
    "question": "Who portrayed the father on TV's \"My Three Sons\"?",
    "a": "Frederick March",
    "b": "Hugh Beaumont",
    "c": "Fred MacMurray",
    "d": "Robert Young",
    "answer": "c"
  },
  {
    "question": "Who portrayed the father on TV's \"Mayberry R.F.D.\"?",
    "a": "Tony Randall",
    "b": "Brian Keith",
    "c": "Andy Griffith",
    "d": "David Birney",
    "answer": "c"
  },
  {
    "question": "Who portrayed the UNCLE on TV's \"Family Affair\"?",
    "a": "Fred MacMurray",
    "b": "Dick York",
    "c": "Carl Betz",
    "d": "Brian Keith",
    "answer": "d"
  },
  {
    "question": "Which of the Cartwright boys had gone to college?",
    "a": "Little Joe",
    "b": "Hoss",
    "c": "Ben",
    "d": "Adam",
    "answer": "d"
  },
  {
    "question": "What comedy duo made their final joint appearance on April 1, 1960?",
    "a": "Martin and Lewis",
    "b": "Laurel and Hardy",
    "c": "Lucy and Desi Arnaz",
    "d": "Dick Van Dyke & MTM",
    "answer": "c"
  },
  {
    "question": "What family did \"The Donna Reed Show\" center on?",
    "a": "Andersons",
    "b": "Williams",
    "c": "Stones",
    "d": "Cunninghams",
    "answer": "c"
  },
  {
    "question": "What western topped the Nielsen ratings from 1964-5 through 1966-7",
    "a": "Rawhide",
    "b": "Gunsmoke",
    "c": "Bonanza",
    "d": "The Big Valley",
    "answer": "c"
  },
  {
    "question": "What was Johnny Cash's first million-seller, in 1956?",
    "a": "Folsom Prison",
    "b": "A Boy Named Sue",
    "c": "Man in Black",
    "d": "I Walk the Line",
    "answer": "d"
  },
  {
    "question": "What city was the setting for TV's \"Mork and Mindy\"?",
    "a": "Denver",
    "b": "Boulder",
    "c": "Chicago",
    "d": "Minneapolis",
    "answer": "b"
  },
  {
    "question": "In \"The Wizard of Oz\" how old was Dorothy supposed to be?",
    "a": "9",
    "b": "11",
    "c": "13",
    "d": "15",
    "answer": "b"
  },
  {
    "question": "What famous folksinger was born in Hibbing, Minnesota?",
    "a": "Arlo Guthrie",
    "b": "Mary Travers",
    "c": "Bob Seeger",
    "d": "Bob Dylan",
    "answer": "d"
  },
  {
    "question": "What English rock group was initially known as \"High Numbers\"?",
    "a": "Kinks",
    "b": "Rolling Stones",
    "c": "The Who",
    "d": "Led Zeppelin",
    "answer": "c"
  },
  {
    "question": "What country group fist played under the name of \"The Kingsmen\"?",
    "a": "Statler Brothers",
    "b": "Kingston Trio",
    "c": "Oakridge Boys",
    "d": "Gatlin Brothers",
    "answer": "a"
  },
  {
    "question": "\"All About Eve\" was the film for what musical?",
    "a": "Sugar & Spice",
    "b": "Applause",
    "c": "High Society",
    "d": "Carnival",
    "answer": "b"
  },
  {
    "question": "\"The Only Game in Town\" teamed Elizabeth Taylor and ...",
    "a": "Michael Todd",
    "b": "Richard Burton",
    "c": "Humphrey Bogart",
    "d": "Warren Beatty",
    "answer": "d"
  },
  {
    "question": "\"Fun with Dick and Jane\" starred George Segal and ...",
    "a": "Jane Fonda",
    "b": "Faye Dunaway",
    "c": "Barbra Streisand",
    "d": "Vanessa Redgrave",
    "answer": "a"
  },
  {
    "question": "\"The Ipcress File\" starred what British actor as a spy?",
    "a": "Michael Caine",
    "b": "Peter Cooke",
    "c": "Roger Moore",
    "d": "Alec Guiness",
    "answer": "a"
  },
  {
    "question": "Who played the crazy drunk gun- slinger in \"Cat Ballou\"?",
    "a": "James Coburn",
    "b": "Kirk Douglas",
    "c": "Lee Marvin",
    "d": "Burt Lancaster",
    "answer": "c"
  },
  {
    "question": "Who played Gable in the movie \"Gable and Lombard\"?",
    "a": "Richard Gere",
    "b": "Lorenzo Llamas",
    "c": "Richard Thomas",
    "d": "James Brolin",
    "answer": "d"
  },
  {
    "question": "Who wrote the hit song \"It Doesn't Matter Anymore?",
    "a": "Paul Anka",
    "b": "Buddy Holly",
    "c": "Neil Sedaka",
    "d": "Jimmy Buffett",
    "answer": "a"
  },
  {
    "question": "Who played Dr. Zorba on the TV show \"Ben Casey\"?",
    "a": "Raymond Massey",
    "b": "Richard Chamberlain",
    "c": "Sam Jaffe",
    "d": "Ben Casey",
    "answer": "c"
  },
  {
    "question": "What Beatles album featured \"Back in the U.S.S.R.\"?",
    "a": "Abbey Road",
    "b": "Magical Mystery",
    "c": "Rubber Soul",
    "d": "The White Album",
    "answer": "d"
  },
  {
    "question": "On \"The Mickey Mouse Club\" what day was \"Fun with Music Day\"?",
    "a": "Monday",
    "b": "Wednesday",
    "c": "Thursday",
    "d": "Friday",
    "answer": "a"
  },
  {
    "question": "The Marx Brothers made their screen debut in what film?",
    "a": "Day at the Races",
    "b": "City Lights",
    "c": "Doctor Nogood",
    "d": "The Coconuts",
    "answer": "d"
  },
  {
    "question": "Who played the female lead in the film \"Summer of 42\"?",
    "a": "Cybil Shepard",
    "b": "Kathryn Ross",
    "c": "Jennifer O'Neill",
    "d": "Candice Bergman",
    "answer": "c"
  },
  {
    "question": "John Travolta did NOT star in which movie?",
    "a": "Carrie",
    "b": "Grease",
    "c": "Blow-Up",
    "d": "The Devil's Rain",
    "answer": "c"
  },
  {
    "question": "Chubby Checkers real name was?",
    "a": "Reginald Dwight",
    "b": "Ernest Evans",
    "c": "Charles Checker",
    "d": "Checker Winthrop",
    "answer": "b"
  },
  {
    "question": "Which play won the Pulitzer Prize for Drama?",
    "a": "My Fair Lady",
    "b": "South Pacific",
    "c": "Oklahoma",
    "d": "Hair",
    "answer": "b"
  },
  {
    "question": "What female group toured with the Beatles in 1966?",
    "a": "The Shirells",
    "b": "The Ronettes",
    "c": "The Supremes",
    "d": "The Chiffons",
    "answer": "b"
  },
  {
    "question": "What group first recorded the hit \"Wipe Out\"?",
    "a": "The Beach Boys",
    "b": "Jan and Dean",
    "c": "Booker T. & the MGs",
    "d": "The Surfaris",
    "answer": "d"
  },
  {
    "question": "In what play did Lena Horne and Richardo Montalban head the cast?",
    "a": "Porgy and Bess",
    "b": "Jamaica",
    "c": "Hello Dolly",
    "d": "Great White Hope",
    "answer": "b"
  },
  {
    "question": "Which of these Beatles songs was a big hit, released in 1968?",
    "a": "Help",
    "b": "Yellow Submarine",
    "c": "Hey Jude",
    "d": "A Hard Day's Night",
    "answer": "c"
  },
  {
    "question": "In the film \"Bullitt\" the corrupt politician was played by ...",
    "a": "Dean Martin",
    "b": "Martin Sheen",
    "c": "Robert Vaughan",
    "d": "Telly Savalas",
    "answer": "c"
  },
  {
    "question": "What actor portrayed the hero pilot in the film \"Airplane\"?",
    "a": "Richard Dreyfus",
    "b": "Robert Hays",
    "c": "Anthony Heston",
    "d": "Richard Peck",
    "answer": "b"
  },
  {
    "question": "Who played the male lead in Walt Disney's \"Babes in Toyland\"?",
    "a": "Bobby Darren",
    "b": "Frankie Avalon",
    "c": "Sal Mineo",
    "d": "Tommy Sands",
    "answer": "d"
  },
  {
    "question": "What actress played James Dean's mother in the film \"East of Eden\"?",
    "a": "Jo Van Fleet",
    "b": "Elizabeth Taylor",
    "c": "Agnes Moorhead",
    "d": "Myrna Loy",
    "answer": "a"
  },
  {
    "question": "Who was the female lead in Woody Allen's film \"Bananas\"?",
    "a": "Diane Keaton",
    "b": "Kim Darby",
    "c": "Goldie Hawn",
    "d": "Louise Lasser",
    "answer": "d"
  },
  {
    "question": "Who was the principal creator of Paramount Pictures?",
    "a": "D.W. Griffith",
    "b": "Charlie Chaplin",
    "c": "Orson Wells",
    "d": "Adolph Zukor",
    "answer": "d"
  },
  {
    "question": "Which of the following was not a biography?",
    "a": "Funny Girl",
    "b": "Gypsy",
    "c": "Mame",
    "d": "Mahogany",
    "answer": "d"
  },
  {
    "question": "Who recorded the hit single \"Love is the Drug\"?",
    "a": "Talking Heads",
    "b": "Roxy Music",
    "c": "Huey Lewis",
    "d": "Culture Club",
    "answer": "b"
  },
  {
    "question": "Which Rolling Stone died in the late 1960's?",
    "a": "Brian Jones",
    "b": "Bill Wyman",
    "c": "Charlie Watts",
    "d": "Ron Wood",
    "answer": "a"
  },
  {
    "question": "Who is Roy Clark's co-host on the country TV show \"Hee Haw\"?",
    "a": "Charlie Daniels",
    "b": "Buck Owens",
    "c": "Buck Henry",
    "d": "Charlie Pride",
    "answer": "b"
  },
  {
    "question": "Who wrote \"Empty Garden\" as a tribute to John Lennon in 1982?",
    "a": "Mick Jagger",
    "b": "Paul McCartney",
    "c": "George Harrison",
    "d": "Elton John",
    "answer": "d"
  }
]
