[
  {
    "question": "Who was the first woman to sit on The United States Supreme Court?",
    "a": "Susan B. Anthony",
    "b": "Sally Ride",
    "c": "Rose Bird",
    "d": "Sandra Day O'Connor",
    "answer": "d"
  },
  {
    "question": "Who invented the sewing machine?",
    "a": "Thomas Edison",
    "b": "Marc Singer",
    "c": "Elias Howe",
    "d": "Benjamin Franklin",
    "answer": "c"
  },
  {
    "question": "George Washington actually fathered how many children?",
    "a": "0",
    "b": "2",
    "c": "6",
    "d": "1",
    "answer": "a"
  },
  {
    "question": "What is the modern name of the city once known as Constantinople?",
    "a": "Naples",
    "b": "Alexandria",
    "c": "Cairo",
    "d": "Istanbul",
    "answer": "d"
  },
  {
    "question": "Which of these companies has the most U.S. commercial outlets?",
    "a": "Macy*s",
    "b": "Radio Shack",
    "c": "McDonald's",
    "d": "Toys 'R' Us",
    "answer": "b"
  },
  {
    "question": "Who was the only American president actually impeached by Congress?",
    "a": "Andrew Johnson",
    "b": "Warren Harding",
    "c": "Benedict Arnold",
    "d": "Richard Nixon",
    "answer": "a"
  },
  {
    "question": "Who is credited with the saying, \"Tennis, anyone?\"?",
    "a": "Humphrey Bogart",
    "b": "Clark Gable",
    "c": "Bill Cosby",
    "d": "Katherine Hepburn",
    "answer": "a"
  },
  {
    "question": "Before sportscasting, what was Howard Cosell's occupation?",
    "a": "Lawyer",
    "b": "Professional boxer",
    "c": "Accountant",
    "d": "Veterinarian",
    "answer": "a"
  },
  {
    "question": "What country was the scene of the Israeli commando raid at Entebbe?",
    "a": "Ethiopia",
    "b": "Lebanon",
    "c": "Uruguay",
    "d": "Uganda",
    "answer": "d"
  },
  {
    "question": "Who covered the 1984 Democratic Convention for Playboy Magazine?",
    "a": "Jimmy Carter",
    "b": "Hunter S. Thompson",
    "c": "Pierre Sallinger",
    "d": "Ronald Reagan, Jr.",
    "answer": "d"
  },
  {
    "question": "Which of the following IS NOT a book written by Stephen King?",
    "a": "Salem's Lot",
    "b": "The Keep",
    "c": "Carrie",
    "d": "The Stand",
    "answer": "b"
  },
  {
    "question": "What is the parent company of the \"Jack-in-the-Box\" hamburger chain?",
    "a": "Southland, Inc.",
    "b": "General Foods",
    "c": "Seven-Eleven, Inc.",
    "d": "Ralston Purina",
    "answer": "d"
  },
  {
    "question": "What's the most common name in the world?",
    "a": "Joseph",
    "b": "Chiang",
    "c": "Sri",
    "d": "Muhammad",
    "answer": "d"
  },
  {
    "question": "What camera was named after the sound of a clicking camera shutter",
    "a": "Toshiba",
    "b": "Nikon",
    "c": "Kodak",
    "d": "Polaroid",
    "answer": "c"
  },
  {
    "question": "What automobile manufacturer once owned Eastern Airlines?",
    "a": "General Motors",
    "b": "Ford Motor Company",
    "c": "Chrysler Motors",
    "d": "American Motors",
    "answer": "a"
  },
  {
    "question": "Which U.S. president was nicknamed \"ole Rough & Ready\"?",
    "a": "Teddy Roosevelt",
    "b": "Warren G. Harding",
    "c": "Zachary Taylor",
    "d": "Millard Fillmore",
    "answer": "c"
  },
  {
    "question": "Who invented the \"Pet Rock\"?",
    "a": "Nolan Bushnell",
    "b": "Gary Dahl",
    "c": "Alan Kay",
    "d": "Steve Jobs",
    "answer": "b"
  },
  {
    "question": "Charles Manson was convicted of murdering which of these people?",
    "a": "Roman Polanski",
    "b": "Bianca Polanski",
    "c": "Sharon Tate",
    "d": "Jack Ruby",
    "answer": "c"
  },
  {
    "question": "Where was Bob Hope born?",
    "a": "The United States",
    "b": "England",
    "c": "France",
    "d": "New Zealand",
    "answer": "b"
  },
  {
    "question": "What was Mickey Mouse's original name?",
    "a": "Steamboat Willie",
    "b": "Mickey Mouse",
    "c": "Marvin Mouse",
    "d": "Mortimer Mouse",
    "answer": "d"
  },
  {
    "question": "U.S. Marines fought in Peking in 1900 what military campaign?",
    "a": "The Boxer Rebellion",
    "b": "The Boer Wars",
    "c": "The Manchurian War",
    "d": "The Bejing Conflict",
    "answer": "a"
  },
  {
    "question": "James Dean died as a result of...",
    "a": "Cancer",
    "b": "A motorcycle crash",
    "c": "A car crash",
    "d": "A fatal shooting",
    "answer": "c"
  },
  {
    "question": "Sherlock Holmes was a fictional detective created by...",
    "a": "Earl Stanly Gardner",
    "b": "Edmund Dantes",
    "c": "Agatha Christie",
    "d": "Arthur Conan Doyle",
    "answer": "d"
  },
  {
    "question": "Who built and flew \"The Spruce Goose\"?",
    "a": "The Wright Brothers",
    "b": "Charles Lindbergh",
    "c": "Amelia Earhart",
    "d": "Howard Hughes",
    "answer": "d"
  },
  {
    "question": "Who organized the NBC Symphony and was its first conductor?",
    "a": "Doc Severinson",
    "b": "Leonard Bernstein",
    "c": "Arturo Toscannini",
    "d": "Arthur Fiedler",
    "answer": "c"
  },
  {
    "question": "What state elected the first woman to Congress?",
    "a": "Massachusetts",
    "b": "California",
    "c": "Montana",
    "d": "West Virginia",
    "answer": "c"
  },
  {
    "question": "Who was the first United States Secretary of State?",
    "a": "Thomas Jefferson",
    "b": "Thomas Seward",
    "c": "Benjamin Franklin",
    "d": "Quincy Adams",
    "answer": "a"
  },
  {
    "question": "What was the name of the woman who died at Chappaquiddick?",
    "a": "Joan Kennedy",
    "b": "Mary Jo Kopechne",
    "c": "Sharon Tate",
    "d": "Karen Silkwood",
    "answer": "b"
  },
  {
    "question": "Who was the lawyer who defended The Boston Strangler?",
    "a": "F. Lee Bailey",
    "b": "Melvin Bailey",
    "c": "Gerry Spence",
    "d": "Louis Nizer",
    "answer": "a"
  },
  {
    "question": "The \"Simon\" of Simon & Schuster is the father of...",
    "a": "Paul Simon",
    "b": "Neil Simon",
    "c": "Carly Simon",
    "d": "William Simon",
    "answer": "c"
  },
  {
    "question": "Who was Woody Allen's first wife?",
    "a": "Diane Keaton",
    "b": "Louise Lasser",
    "c": "Charlotte Rampling",
    "d": "Harlene Rosen",
    "answer": "d"
  },
  {
    "question": "The very first Minimum Wage law set the minimum hourly pay scale at...",
    "a": "1.25 per hour",
    "b": "1.00 per hour",
    "c": "50 cents per hour",
    "d": "25 cents per hour",
    "answer": "d"
  },
  {
    "question": "When was the first Income Tax Witholding implemented?",
    "a": "1916",
    "b": "1943",
    "c": "1950",
    "d": "1936",
    "answer": "b"
  },
  {
    "question": "Who said \"There's a sucker born every minute\"?",
    "a": "Will Rogers",
    "b": "Richard Nixon",
    "c": "P.T. Barnum",
    "d": "Henry Ford",
    "answer": "c"
  },
  {
    "question": "Which of these persons smuggled documents out of Russia for the US",
    "a": "John Wayne",
    "b": "Efram Zimablist, Jr",
    "c": "Harpo Marx",
    "d": "Katherine Hepburn",
    "answer": "c"
  },
  {
    "question": "Which of the following TV newsmen was a Rhodes Scholar?",
    "a": "Howard K. Smith",
    "b": "Peter Jennings",
    "c": "Dan Rather",
    "d": "none of the above",
    "answer": "a"
  },
  {
    "question": "What husband-wife team starred in \"A Turkey for the President\"?",
    "a": "Ronald-Nancy Reagan",
    "b": "Ozzie & Harriet",
    "c": "Desi Arnaz & Lucy",
    "d": "Burns & Allen",
    "answer": "a"
  },
  {
    "question": "Who is believed to have built the hanging gardens of Babylon?",
    "a": "King Tut",
    "b": "Nebuchadnezzar",
    "c": "Alexander the Great",
    "d": "Caesar",
    "answer": "b"
  },
  {
    "question": "What country began the digging of the Panama Canal in 1882?",
    "a": "The U.S.",
    "b": "Mexico",
    "c": "Panama",
    "d": "France",
    "answer": "d"
  },
  {
    "question": "What airline flew The China Clipper in 1935?",
    "a": "TWA",
    "b": "Pan-Am",
    "c": "United Airlines",
    "d": "Air Peking",
    "answer": "b"
  },
  {
    "question": "In Roman mythology, who was the blacksmith of the gods?",
    "a": "Vulcan",
    "b": "Mercury",
    "c": "Jove",
    "d": "Titan",
    "answer": "a"
  },
  {
    "question": "How did The Lusitania sink?",
    "a": "Iceberg",
    "b": "Rammed by a ship",
    "c": "Torpedoed",
    "d": "Fire on board",
    "answer": "c"
  },
  {
    "question": "What was Paul Revere's occupation?",
    "a": "Messenger",
    "b": "Blacksmith",
    "c": "Coppersmith",
    "d": "Silversmith",
    "answer": "d"
  },
  {
    "question": "From which country did the U.S. buy the Virgin Islands?",
    "a": "Spain",
    "b": "Denmark",
    "c": "Lithuania",
    "d": "Portugal",
    "answer": "b"
  },
  {
    "question": "What Milwaukee teenager grew up to be a nation's Prime Minister?",
    "a": "Neville Chamberlain",
    "b": "Jamshid Gotzbadeh",
    "c": "Margaret Thatcher",
    "d": "Golda Meir",
    "answer": "d"
  },
  {
    "question": "Electric lights first appeared over Broadway in what year?",
    "a": "1934",
    "b": "1914",
    "c": "1896",
    "d": "1880",
    "answer": "d"
  },
  {
    "question": "Singer Steve Lawrence's real name was...",
    "a": "Steve Lawrence",
    "b": "Stephen Lefkowitz",
    "c": "Shecky Wolkenstein",
    "d": "Sidney Leibowitz",
    "answer": "d"
  },
  {
    "question": "Which of these actresses is originally from Sweden?",
    "a": "Ann-Margret",
    "b": "Liv Ullman",
    "c": "Ursula Andress",
    "d": "Elke Sommer",
    "answer": "a"
  },
  {
    "question": "TV kid's show host, Mr. Rogers, is also...",
    "a": "A lawyer",
    "b": "A minister",
    "c": "A school Principal",
    "d": "A male nurse",
    "answer": "b"
  },
  {
    "question": "This woman once saved Montgomery Clift from choking to death:",
    "a": "Elizabeth Taylor",
    "b": "Joan Rivers",
    "c": "Cass Elliot",
    "d": "Joan Crawford",
    "answer": "a"
  },
  {
    "question": "Who was the lawyer who successfully prosecuted Charles Manson?",
    "a": "George Deukmejian",
    "b": "John Sirica",
    "c": "Vincent Bugliosi",
    "d": "F. Lee Bailey",
    "answer": "c"
  },
  {
    "question": "Woodrow Wilson was once president of which University?",
    "a": "Harvard",
    "b": "Yale",
    "c": "Princeton",
    "d": "Stanford",
    "answer": "c"
  },
  {
    "question": "Who was Ronald Reagan's first wife?",
    "a": "Nancy Davis",
    "b": "Jane Wyatt",
    "c": "Mary Pickford",
    "d": "Jane Wyman",
    "answer": "d"
  },
  {
    "question": "George Burns's real name is...",
    "a": "George Bernstein",
    "b": "Hale Gottfredstein",
    "c": "Joshua Finklehaus",
    "d": "Nathan Birnbaum",
    "answer": "d"
  },
  {
    "question": "The first American woman astronaut?",
    "a": "Susan B. Anthony",
    "b": "Sally Ride",
    "c": "Sandra Day O'Connor",
    "d": "Rose Bird",
    "answer": "b"
  },
  {
    "question": "How old was Stevie Wonder when he signed with Motown Records?",
    "a": "17 years old",
    "b": "13 years old",
    "c": "10 years old",
    "d": "15 years old",
    "answer": "c"
  },
  {
    "question": "Actress Carrie Fisher is married to...",
    "a": "Simon Le Bon",
    "b": "Art Garfunkel",
    "c": "Paul Simon",
    "d": "Eddie Fisher",
    "answer": "c"
  },
  {
    "question": "Who was on the cover of the very first People Magazine?",
    "a": "John Lennon",
    "b": "Mia Farrow",
    "c": "Rachel Ward",
    "d": "Woody Allen",
    "answer": "b"
  },
  {
    "question": "What was the earlier name of the network now known as ABC?",
    "a": "Blue Network",
    "b": "New York Network",
    "c": "Broadcasting Corp.",
    "d": "Party-Line TV",
    "answer": "a"
  },
  {
    "question": "What is the name of Lee Harvey Oswald's widow?",
    "a": "Navratilovna",
    "b": "Feodora",
    "c": "Krinsky",
    "d": "Marina",
    "answer": "d"
  },
  {
    "question": "What was the name of Leonard Nimoy's very personal book?",
    "a": "Used and Abused",
    "b": "Lost in Space",
    "c": "I am Not Spock",
    "d": "In Search of Truth",
    "answer": "c"
  },
  {
    "question": "The longest reigning monarch in British history was...",
    "a": "Queen Elizabeth II",
    "b": "Henry the VIII",
    "c": "Queen Victoria",
    "d": "King Arthur",
    "answer": "c"
  },
  {
    "question": "What religion does Idi Amin belong to?",
    "a": "Judaism",
    "b": "Christianity",
    "c": "Islam",
    "d": "Buddhism",
    "answer": "c"
  },
  {
    "question": "Who was the founder of the National Organization for Women?",
    "a": "Gloria Steinem",
    "b": "Betty Freidan",
    "c": "Ginny Foat",
    "d": "Bella Abzug",
    "answer": "b"
  },
  {
    "question": "Actress Jody Foster is a student at what college?",
    "a": "UCLA",
    "b": "Harvard",
    "c": "Yale",
    "d": "Princeton",
    "answer": "c"
  },
  {
    "question": "Who was skiing champion, \"Spider Sabich\"'s last girlfriend?",
    "a": "Billy Jean King",
    "b": "Jane Fonda",
    "c": "Tracy Austin",
    "d": "Claudine Longet",
    "answer": "d"
  },
  {
    "question": "Which doctor won a Pulitzer Prize in 1984?",
    "a": "Dr. Spock",
    "b": "Dr. Linus Pauling",
    "c": "Dr. Barney Clark",
    "d": "Dr. Seuss",
    "answer": "d"
  },
  {
    "question": "Who was the founder of Boy's Town?",
    "a": "Mickey Rooney",
    "b": "Father O'Flaherty",
    "c": "Father O'Neal",
    "d": "Father Flanagan",
    "answer": "d"
  },
  {
    "question": "Alan Hale, \"Skipper\" on Gilligan's Island, is now the owner of a...",
    "a": "Baseball team",
    "b": "Seafood restaurant",
    "c": "Greek island",
    "d": "Hollywood drugstore",
    "answer": "b"
  },
  {
    "question": "What is the most popular name for streets in the United States?",
    "a": "Elm Street",
    "b": "Main Street",
    "c": "Park Street",
    "d": "First Street",
    "answer": "c"
  },
  {
    "question": "Which is the largest library in the U.S after the Library of Congress?",
    "a": "The Smithsonian",
    "b": "Harvard University",
    "c": "Yale",
    "d": "New York Public",
    "answer": "b"
  },
  {
    "question": "What company is the largest producer of wine in the U.S.?",
    "a": "Gallo",
    "b": "Swiss Colony",
    "c": "Almaden",
    "d": "Taylor",
    "answer": "a"
  },
  {
    "question": "Which airline featured the slogan \"Fly Me\"?",
    "a": "United",
    "b": "Eastern",
    "c": "Pan-Am",
    "d": "Delta",
    "answer": "b"
  },
  {
    "question": "Who sent the message, \"I came, I saw, I conquered\"?",
    "a": "General Patton",
    "b": "Napoleon",
    "c": "Wellington",
    "d": "Julius Caesar",
    "answer": "d"
  },
  {
    "question": "What canadian city has the annual Stampede?",
    "a": "Toronto",
    "b": "Calgary",
    "c": "Quebec",
    "d": "Montreal",
    "answer": "b"
  },
  {
    "question": "Which of these WAS NOT one of the Marx Brothers?",
    "a": "Harpo Marx",
    "b": "Zeppo Marx",
    "c": "Gummo Marx",
    "d": "Heppo Marx",
    "answer": "d"
  },
  {
    "question": "What was the name of Paul Bunyan's blue ox?",
    "a": "Scout",
    "b": "Sky",
    "c": "Babe",
    "d": "True Blue",
    "answer": "c"
  },
  {
    "question": "Who was the attorney who defended Jack Ruby, Oswald's assassin?",
    "a": "F. Lee Bailey",
    "b": "Melvin Belli",
    "c": "Gerry Spence",
    "d": "Richard Haynes",
    "answer": "b"
  },
  {
    "question": "Which is the only state whose legal system is not based on England's?",
    "a": "Alabama",
    "b": "California",
    "c": "Louisianna",
    "d": "Texas",
    "answer": "c"
  },
  {
    "question": "Who was chief counsel for the Senate Watergate Committee?",
    "a": "Sam Ervin",
    "b": "Sam Dash",
    "c": "Sam Davis",
    "d": "Sam Baker",
    "answer": "b"
  },
  {
    "question": "What was the name of the first black Miss America?",
    "a": "Vaughan Wilson",
    "b": "Vanessa Wilson",
    "c": "Vanessa Williams",
    "d": "Grace Jones",
    "answer": "c"
  },
  {
    "question": "Who was the first U.S. president to be born in a hospital?",
    "a": "Dwight Eisenhower",
    "b": "Jimmy Carter",
    "c": "Harry Truman",
    "d": "John Kennedy",
    "answer": "b"
  },
  {
    "question": "What is the length of the term of a United States Senator?",
    "a": "4 years",
    "b": "6 years",
    "c": "2 years",
    "d": "8 years",
    "answer": "b"
  },
  {
    "question": "What is the London address of the Prime Minister?",
    "a": "Buckingham Palace",
    "b": "10 Downing Street",
    "c": "221-B Baker Street",
    "d": "Number One Broadway",
    "answer": "b"
  },
  {
    "question": "In 1972, Bobby Fischer defeated who for the world chess crown?",
    "a": "Anatoly Karpov",
    "b": "Tiger Petrosian",
    "c": "Boris Spassky",
    "d": "Victor Korchnoi",
    "answer": "c"
  },
  {
    "question": "Robert F. Kennedy was a US Senator for which state?",
    "a": "Massachusetts",
    "b": "Rhode Island",
    "c": "New Hampshire",
    "d": "New York",
    "answer": "d"
  },
  {
    "question": "What is the largest city south of the equator?",
    "a": "Buenos Aires",
    "b": "Mexico City",
    "c": "Rio de Janeiro",
    "d": "New Delhi, India",
    "answer": "a"
  },
  {
    "question": "Alistair Cooke, author of \"America\", is a citizen of...",
    "a": "The United States",
    "b": "Canada",
    "c": "Australia",
    "d": "England",
    "answer": "a"
  },
  {
    "question": "Who is the sewer commissioner of Provo Canyon, Utah?",
    "a": "Merv Griffin",
    "b": "Paul Newman",
    "c": "Robert Redford",
    "d": "Mike Douglas",
    "answer": "c"
  },
  {
    "question": "What did Dr. John S. Pemberton invent?",
    "a": "Nylon stockings",
    "b": "The modern toilet",
    "c": "Jello",
    "d": "Coca-Cola",
    "answer": "d"
  },
  {
    "question": "Actor Anthony Quinn's ethnic background is...",
    "a": "Italian",
    "b": "Mexican",
    "c": "Greek",
    "d": "Albanian",
    "answer": "b"
  },
  {
    "question": "The IBM personal computer was introduced in...",
    "a": "1980",
    "b": "1981",
    "c": "1982",
    "d": "1983",
    "answer": "b"
  },
  {
    "question": "What state is known as \"The Pine Tree State\"?",
    "a": "Idaho",
    "b": "Maine",
    "c": "California",
    "d": "Montana",
    "answer": "b"
  },
  {
    "question": "Christopher Columbus was from what Italian city?",
    "a": "Naples",
    "b": "Rome",
    "c": "Genoa",
    "d": "Venice",
    "answer": "c"
  },
  {
    "question": "Gustave Eiffel, creator of the Eiffel Tower, also created...",
    "a": "Statue of Liberty",
    "b": "The Mona Lisa",
    "c": "The Thinker",
    "d": "World's Fair Tower",
    "answer": "a"
  },
  {
    "question": "How many times does the lion roar at the beginning of MGM films?",
    "a": "None",
    "b": "Once",
    "c": "Twice",
    "d": "3 times",
    "answer": "c"
  },
  {
    "question": "Of Bonnie & Clyde, which one's last name was Barrow?",
    "a": "Bonnie",
    "b": "Clyde",
    "c": "Neither",
    "d": "Both",
    "answer": "b"
  },
  {
    "question": "The holy city of Mecca is in what country?",
    "a": "India",
    "b": "Israel",
    "c": "Saudi Arabia",
    "d": "Jordan",
    "answer": "c"
  },
  {
    "question": "What city is considered the \"birthplace of American liberty\"?",
    "a": "Philadelphia, PA",
    "b": "Boston, MA",
    "c": "Concord, CA",
    "d": "Lexington, MA",
    "answer": "d"
  },
  {
    "question": "Michael Jackson burned his hair filming a commercial for...",
    "a": "Coca-Cola",
    "b": "Pepsi-Cola",
    "c": "McDonald's",
    "d": "Calvin Klein",
    "answer": "b"
  },
  {
    "question": "How LONG did the first Wright brother's flight last?",
    "a": "5 Seconds",
    "b": "12 Seconds",
    "c": "15 Seconds",
    "d": "28 Seconds",
    "answer": "b"
  },
  {
    "question": "What is the most widely spoken language in the world?",
    "a": "English",
    "b": "Spanish",
    "c": "Hindu",
    "d": "Chinese",
    "answer": "d"
  },
  {
    "question": "In pre-revolutionary Virgina, tax was paid in...",
    "a": "English currency",
    "b": "Gold",
    "c": "Corn",
    "d": "Tobacco",
    "answer": "d"
  },
  {
    "question": "In what state was the first toll road opened?",
    "a": "New York",
    "b": "Maryland",
    "c": "New Jersey",
    "d": "Virginia",
    "answer": "d"
  },
  {
    "question": "Where was the first railroad depot in the United States?",
    "a": "New York",
    "b": "Boston",
    "c": "Philadelphia",
    "d": "Baltimore",
    "answer": "d"
  },
  {
    "question": "Which is the windiest city in the United States?",
    "a": "New York, NY",
    "b": "Chicago, IL",
    "c": "Great Falls, MT",
    "d": "Boise, MT",
    "answer": "c"
  },
  {
    "question": "On what island did Napoleon die in 1821?",
    "a": "Corsica",
    "b": "Elba",
    "c": "Saint Helena",
    "d": "Malvinas",
    "answer": "c"
  },
  {
    "question": "What kind of animal was CLEO in the famous story of \"Pinocchio\"?",
    "a": "Cat",
    "b": "Fox",
    "c": "Fish",
    "d": "Dog",
    "answer": "c"
  },
  {
    "question": "Who said \"Give me liberty or give me death\"?",
    "a": "Aaron Burr",
    "b": "Alexander Hamilton",
    "c": "Patrick Henry",
    "d": "Thomas Paine",
    "answer": "c"
  },
  {
    "question": "What letter was the scarlet letter?",
    "a": "A",
    "b": "B",
    "c": "W",
    "d": "S",
    "answer": "a"
  },
  {
    "question": "What is the largest province in Canada?",
    "a": "British Columbia",
    "b": "Alberta",
    "c": "Quebec",
    "d": "Saskatchewan",
    "answer": "c"
  },
  {
    "question": "What kitchen cleanser cleaned like a white tornado?",
    "a": "Ajax",
    "b": "Mr. Clean",
    "c": "Comet",
    "d": "Pine-Sol",
    "answer": "a"
  },
  {
    "question": "What Television journalist wrote \"The Camera Never Blinks\"?",
    "a": "Barbara Walters",
    "b": "Tom Brokaw",
    "c": "Dan Rather",
    "d": "Bill Moyer",
    "answer": "c"
  },
  {
    "question": "In what state is Old Faithful found?",
    "a": "Wyoming",
    "b": "Montana",
    "c": "Colorado",
    "d": "Utah",
    "answer": "a"
  },
  {
    "question": "What author created Dr. Jekyll and Mr. Hyde?",
    "a": "Edgar Allan Poe",
    "b": "Mary Shelley",
    "c": "Robert L. Stevenson",
    "d": "Edgar Rice",
    "answer": "c"
  },
  {
    "question": "In what city does the \"Orient Express\" end its run from Istanbul",
    "a": "London",
    "b": "Paris",
    "c": "Brussels",
    "d": "Amsterdam",
    "answer": "b"
  },
  {
    "question": "What did the crocodile swallow in \"Peter Pan\"?",
    "a": "A hook",
    "b": "A dagger",
    "c": "A foot",
    "d": "An alarm clock",
    "answer": "d"
  },
  {
    "question": "What African animal kills the most people?",
    "a": "Lion",
    "b": "Elephant",
    "c": "Cobra",
    "d": "Crocodile",
    "answer": "d"
  },
  {
    "question": "Who did Sara Jane Moore try to assassinate?",
    "a": "President Johnson",
    "b": "President Ford",
    "c": "Pope John Paul",
    "d": "President Duarte",
    "answer": "b"
  },
  {
    "question": "How many land miles are there in a league?",
    "a": "2",
    "b": "3",
    "c": "5",
    "d": "10",
    "answer": "b"
  },
  {
    "question": "What Constitutional amendment gives the \"right to remain silent\"",
    "a": "Third",
    "b": "Fifth",
    "c": "Seventh",
    "d": "Ninth",
    "answer": "b"
  },
  {
    "question": "Where is the Guggenheim Museum?",
    "a": "Berlin",
    "b": "Paris",
    "c": "Washington, DC",
    "d": "New York, NY",
    "answer": "d"
  },
  {
    "question": "Who wrote \"The Prince and the Pauper\"?",
    "a": "Chaucer",
    "b": "Mark Twain",
    "c": "Mary Shelley",
    "d": "Emily Bronte",
    "answer": "b"
  },
  {
    "question": "Which of these is NOT a railroad in Monopoly?",
    "a": "The B & O",
    "b": "The Pennsylvania",
    "c": "The Reading",
    "d": "The New York Line",
    "answer": "d"
  },
  {
    "question": "Who conducted the Playboy interview of the U.S. Nazi leader Rockwell?",
    "a": "Hugh Hefner",
    "b": "Alex Haley",
    "c": "Dan Rather",
    "d": "John Anderson",
    "answer": "b"
  },
  {
    "question": "What Italian city is home to da Vinci's \"The Last Supper\"?",
    "a": "Milan",
    "b": "Rome",
    "c": "Florence",
    "d": "The Vatican City",
    "answer": "a"
  },
  {
    "question": "What state is Mount McKinley in?",
    "a": "Alaska",
    "b": "Washington",
    "c": "Oregon",
    "d": "Montana",
    "answer": "a"
  },
  {
    "question": "What fruit has the most calories?",
    "a": "Apricot",
    "b": "Avocado",
    "c": "Date",
    "d": "Prune",
    "answer": "b"
  },
  {
    "question": "Where is the Sears Tower?",
    "a": "New York",
    "b": "Los Angeles",
    "c": "Chicago",
    "d": "Kansas City",
    "answer": "c"
  },
  {
    "question": "What country contains the Waterloo Battlefield?",
    "a": "France",
    "b": "England",
    "c": "Germany",
    "d": "Belgium",
    "answer": "d"
  },
  {
    "question": "What crop failure caused the Irish Famine?",
    "a": "Cabbage",
    "b": "Potato",
    "c": "Corn",
    "d": "Wheat",
    "answer": "b"
  },
  {
    "question": "What Italian explorer is buried in the Dominican Republic?",
    "a": "Columbus",
    "b": "Balboa",
    "c": "Ponce De Leon",
    "d": "Cortez",
    "answer": "a"
  },
  {
    "question": "Who did Richard Nixon tender his regignation to?",
    "a": "Gerald Ford",
    "b": "Tip O'Neil",
    "c": "Howard Baker",
    "d": "Henry Kissinger",
    "answer": "d"
  },
  {
    "question": "What country did Siam become?",
    "a": "Korea",
    "b": "Iran",
    "c": "Thailand",
    "d": "Iraq",
    "answer": "c"
  },
  {
    "question": "What country is the largest per capita consumer of beer?",
    "a": "United States",
    "b": "Britain",
    "c": "West Germany",
    "d": "Holland",
    "answer": "c"
  },
  {
    "question": "What kind of women gave Sigmund Freud erotic dreams?",
    "a": "French",
    "b": "Swedish",
    "c": "German",
    "d": "American",
    "answer": "d"
  },
  {
    "question": "Who won the 1968 Democratic Primary?",
    "a": "Humphrey",
    "b": "McGovern",
    "c": "McCarthy",
    "d": "Robert Kennedy",
    "answer": "a"
  },
  {
    "question": "How many days were the American hostages held in Iran?",
    "a": "382",
    "b": "404",
    "c": "428",
    "d": "444",
    "answer": "d"
  },
  {
    "question": "What is the capitol of Kentucky?",
    "a": "Frankfort",
    "b": "Fort Knox",
    "c": "Alexander",
    "d": "Billingsworth",
    "answer": "a"
  },
  {
    "question": "What detective debuted in \"A Study in Scarlet\"?",
    "a": "Mike Hammer",
    "b": "Sam Spade",
    "c": "Dashiell Hammett",
    "d": "Sherlock Holmes",
    "answer": "d"
  },
  {
    "question": "What is the \"rathaus\" in Frankfurt?",
    "a": "City Hall",
    "b": "Beer Hall",
    "c": "Dance Hall",
    "d": "Library",
    "answer": "a"
  },
  {
    "question": "What kind of bird taught Dr. Dolittle to talk to the animals?",
    "a": "Parrot",
    "b": "Peacock",
    "c": "Rooster",
    "d": "Hummingbird",
    "answer": "a"
  },
  {
    "question": "What European city has the world's busiest port?",
    "a": "London",
    "b": "Budapest",
    "c": "Rotterdam",
    "d": "Stockholm",
    "answer": "c"
  },
  {
    "question": "What university dismissed Timothy Leary for involvment with drugs?",
    "a": "Harvard",
    "b": "Berkeley",
    "c": "U.C.L.A.",
    "d": "MIT",
    "answer": "a"
  },
  {
    "question": "What fruit is used in the dye for government inspectors' meat stamps",
    "a": "Cherry",
    "b": "Grape",
    "c": "Plum",
    "d": "Blueberry",
    "answer": "b"
  },
  {
    "question": "What city was Martin Luther King Jr. assassinated in?",
    "a": "Memphis",
    "b": "Atlanta",
    "c": "Chicago",
    "d": "Miami",
    "answer": "a"
  },
  {
    "question": "What country did Morocco fight to win their independence?",
    "a": "Germany",
    "b": "France",
    "c": "Spain",
    "d": "England",
    "answer": "b"
  },
  {
    "question": "Who painted \"The Night Watch\"?",
    "a": "Renoir",
    "b": "Turner",
    "c": "Rembrandt",
    "d": "Vincent Van Gogh",
    "answer": "c"
  },
  {
    "question": "To what country do the Galapagos Islands belong?",
    "a": "Argentina",
    "b": "Ecuador",
    "c": "Chile",
    "d": "Brazil",
    "answer": "b"
  },
  {
    "question": "Who is the publisher of the software package, \"Framework\"?",
    "a": "Lotus Development",
    "b": "Addisson Wessley",
    "c": "MicroPro Interntnl.",
    "d": "Ashton-Tate",
    "answer": "d"
  },
  {
    "question": "What's the capital of Bermuda?",
    "a": "Washington",
    "b": "Nassau",
    "c": "Hamilton",
    "d": "Alexandria",
    "answer": "c"
  },
  {
    "question": "What was Rembrandt's last name?",
    "a": "Rembrandt",
    "b": "Van Rijn",
    "c": "Prinz",
    "d": "Van Hoffman",
    "answer": "b"
  },
  {
    "question": "What mammal ranks next to man on the evolutionary scale?",
    "a": "Ape",
    "b": "Monkey",
    "c": "Chimpanzee",
    "d": "Orangutan",
    "answer": "a"
  },
  {
    "question": "What country has the most dams?",
    "a": "U.S.S.R.",
    "b": "U.S.",
    "c": "China",
    "d": "Brazil",
    "answer": "b"
  },
  {
    "question": "What magazine debuted in December 1953?",
    "a": "Time",
    "b": "Life",
    "c": "Playboy",
    "d": "Penthouse",
    "answer": "c"
  },
  {
    "question": "What is America's best-selling weekly magazine?",
    "a": "Time",
    "b": "Reader's Digest",
    "c": "TV Guide",
    "d": "Soap Opera Digest",
    "answer": "c"
  },
  {
    "question": "What ocean surrounds the Maldive Islands?",
    "a": "Atlantic",
    "b": "Pacific",
    "c": "Artic",
    "d": "Indian",
    "answer": "d"
  },
  {
    "question": "What body of water does the Yukon River empty into?",
    "a": "Hudson Bay",
    "b": "Caspian Sea",
    "c": "Bering Sea",
    "d": "Bay of Fundy",
    "answer": "c"
  },
  {
    "question": "Where was El Greco born?",
    "a": "Spain",
    "b": "Portugal",
    "c": "Italy",
    "d": "Greece",
    "answer": "d"
  },
  {
    "question": "What is Spain's biggest source of income?",
    "a": "Tourism",
    "b": "Wine Production",
    "c": "Weaving",
    "d": "Wheat",
    "answer": "a"
  },
  {
    "question": "How much did a McDonald's hamburger cost in 1963?",
    "a": "15 cents",
    "b": "25 cents",
    "c": "35 cents",
    "d": "49 cents",
    "answer": "a"
  },
  {
    "question": "What famous ship did Christopher Jones captain?",
    "a": "Pinta",
    "b": "Santa Marie",
    "c": "Mayflower",
    "d": "Nina",
    "answer": "c"
  },
  {
    "question": "How many witches were burned at the stake in Salem, Massachusetts?",
    "a": "0",
    "b": "1",
    "c": "2",
    "d": "4",
    "answer": "a"
  },
  {
    "question": "Where is the Black forest?",
    "a": "West Germany",
    "b": "Austria",
    "c": "East Germany",
    "d": "Hungary",
    "answer": "a"
  },
  {
    "question": "How many times was Franklin D. Roosevelt elected president?",
    "a": "2",
    "b": "3",
    "c": "4",
    "d": "5",
    "answer": "c"
  },
  {
    "question": "What French painter was famed for his paintings of ballet dancers?",
    "a": "Renoir",
    "b": "Rembrandt",
    "c": "Degas",
    "d": "Botticelli",
    "answer": "c"
  },
  {
    "question": "What day of the week was John F. Kennedy assassinated on?",
    "a": "Friday",
    "b": "Thursday",
    "c": "Tuesday",
    "d": "Saturday",
    "answer": "a"
  },
  {
    "question": "Who is Sherlock Holmes landlady?",
    "a": "Mrs. Watson",
    "b": "Mrs. Hudson",
    "c": "Miss. Wallis",
    "d": "Mrs. Berry",
    "answer": "b"
  },
  {
    "question": "What kind of animal was Napoleon frightened of?",
    "a": "Horses",
    "b": "Dogs",
    "c": "Cats",
    "d": "Rats",
    "answer": "c"
  },
  {
    "question": "Who created Horatio Hornblower?",
    "a": "Mary Shelley",
    "b": "John Steinbeck",
    "c": "Charles Browning",
    "d": "C.S. Forester",
    "answer": "d"
  },
  {
    "question": "How many points are there on the Statue of Liberty's crown?",
    "a": "5",
    "b": "7",
    "c": "9",
    "d": "11",
    "answer": "b"
  },
  {
    "question": "In what state is the O.K. Corral found?",
    "a": "Kansas",
    "b": "Texas",
    "c": "Arizona",
    "d": "New Mexico",
    "answer": "c"
  },
  {
    "question": "On the TV's Cheers what is Sam Malone's baseball nickname?",
    "a": "Lefty",
    "b": "Mayday",
    "c": "Guzzler",
    "d": "Fourth Base",
    "answer": "b"
  },
  {
    "question": "What is the highest mountain in the United States?",
    "a": "Mount Rainier",
    "b": "Mount McKinley",
    "c": "Mount Hood",
    "d": "Mount Saint Helens",
    "answer": "b"
  },
  {
    "question": "Where is Pennsylvania Station?",
    "a": "New York",
    "b": "Philadelphia",
    "c": "Boston",
    "d": "Washington, D.C.",
    "answer": "a"
  },
  {
    "question": "What is the nationality of Agatha Christie's Hercule Poirot?",
    "a": "French",
    "b": "Belgian",
    "c": "German",
    "d": "Swiss",
    "answer": "b"
  },
  {
    "question": "What war did Florence Nightingale tend the troops in?",
    "a": "The Boer War",
    "b": "The Civil War",
    "c": "The Crimean War",
    "d": "World War I",
    "answer": "c"
  },
  {
    "question": "What President's news conferences were called \"Best matinee in Town\"",
    "a": "Roosevelt",
    "b": "Johnson",
    "c": "Kennedy",
    "d": "Nixon",
    "answer": "c"
  },
  {
    "question": "What U.S. city had the first subway?",
    "a": "New York",
    "b": "Boston",
    "c": "Philadelphia",
    "d": "Chicago",
    "answer": "b"
  },
  {
    "question": "What bordering country is due north of Costa Rica?",
    "a": "Nicaragua",
    "b": "El Salvador",
    "c": "Panama",
    "d": "Mexico",
    "answer": "a"
  },
  {
    "question": "Who gave Marilyn Monroe a white poodle named \"Mafia\"?",
    "a": "Arthur Miller",
    "b": "John F. Kennedy",
    "c": "Frank Sinatra",
    "d": "Clark Gable",
    "answer": "c"
  },
  {
    "question": "What state is John F. Kennedy buried in?",
    "a": "Virginia",
    "b": "Massachutes",
    "c": "Texas",
    "d": "Washington, D.C.",
    "answer": "a"
  },
  {
    "question": "What president was criticized for picking up his Beagles by the ears",
    "a": "Coolidge",
    "b": "Roosevelt",
    "c": "Johnson",
    "d": "Nixon",
    "answer": "c"
  },
  {
    "question": "How many Israeli athletes were killed at the Munich Olympics?",
    "a": "None",
    "b": "5",
    "c": "11",
    "d": "21",
    "answer": "c"
  },
  {
    "question": "Where is Mount Olympus?",
    "a": "Italy",
    "b": "Greece",
    "c": "Mythology (only)",
    "d": "Turkey",
    "answer": "b"
  },
  {
    "question": "What adventure tale introduced \"Yo- ho-ho, and a bottle of rum\"?",
    "a": "Captain Blood",
    "b": "Captain Kidd",
    "c": "Treasure Island",
    "d": "Horatio Hornblower",
    "answer": "c"
  },
  {
    "question": "Who was the king of England when the American Revolution broke out?",
    "a": "George V",
    "b": "George III",
    "c": "Henry VI",
    "d": "Philip IV",
    "answer": "b"
  },
  {
    "question": "What country was invaded in W.W. II during \"Operation Avalanche\"?",
    "a": "Germany",
    "b": "Russia",
    "c": "Italy",
    "d": "France",
    "answer": "c"
  },
  {
    "question": "How many died at Kent State?",
    "a": "None",
    "b": "2",
    "c": "4",
    "d": "7",
    "answer": "c"
  },
  {
    "question": "What is the usual age for a Jewish boy to celebrate his \"Bar Mitzvah\"",
    "a": "11",
    "b": "12",
    "c": "13",
    "d": "14",
    "answer": "c"
  },
  {
    "question": "What river does the Hoover Dam dam?",
    "a": "The Columbia",
    "b": "The Rogue",
    "c": "The Missouri",
    "d": "The Colorado",
    "answer": "d"
  },
  {
    "question": "What is the minimum number of bars on an abacus?",
    "a": "9",
    "b": "12",
    "c": "15",
    "d": "20",
    "answer": "a"
  },
  {
    "question": "While trying to fly around the world Amelia Earhart disappeared..",
    "a": "in 1927",
    "b": "in 1932",
    "c": "in 1935",
    "d": "in 1937",
    "answer": "d"
  },
  {
    "question": "What was Al Capone imprisoned for in 1931?",
    "a": "Bribery",
    "b": "Murder",
    "c": "Extortion",
    "d": "Income-tax evasion",
    "answer": "d"
  },
  {
    "question": "On TV's Cheers what is Norm's occupation?",
    "a": "Postman",
    "b": "Baseball Player",
    "c": "Umpire",
    "d": "Accountant",
    "answer": "d"
  },
  {
    "question": "On TV's Cheers what does Diane collect?",
    "a": "Stuffed animals",
    "b": "Books",
    "c": "Diplomas",
    "d": "Coins",
    "answer": "a"
  },
  {
    "question": "What U.S. state is most of Death Valley in?",
    "a": "California",
    "b": "Nevada",
    "c": "Arizona",
    "d": "New Mexico",
    "answer": "a"
  },
  {
    "question": "What year did the Pilgrims first land in America?",
    "a": "1498",
    "b": "1525",
    "c": "1587",
    "d": "1620",
    "answer": "d"
  },
  {
    "question": "The fifth of November in England is celebrated as...",
    "a": "Bastille Day",
    "b": "Coronation Day",
    "c": "Labor Day",
    "d": "Guy Fawkes Day",
    "answer": "d"
  },
  {
    "question": "What island is Pearl Harbor on?",
    "a": "Hawaii",
    "b": "Molakai",
    "c": "Oahu",
    "d": "Maui",
    "answer": "c"
  },
  {
    "question": "What state in the U.S. has the highest rainfall?",
    "a": "Hawaii",
    "b": "Mississippi",
    "c": "Louisiana",
    "d": "Minnesota",
    "answer": "a"
  },
  {
    "question": "What did Ebenezer Butterick invent and sell in 1863?",
    "a": "Ball Point Pen",
    "b": "Aspirin",
    "c": "Dress Patterns",
    "d": "Dice",
    "answer": "c"
  },
  {
    "question": "What is the oldest college in the United States?",
    "a": "Princeton",
    "b": "Columbia",
    "c": "Yale",
    "d": "Harvard",
    "answer": "d"
  },
  {
    "question": "What is the lartest U.S. state east of the Mississippi?",
    "a": "Florida",
    "b": "North Carolina",
    "c": "New York",
    "d": "Georgia",
    "answer": "d"
  },
  {
    "question": "What is the world's largest news agency?",
    "a": "Tass",
    "b": "Reuters",
    "c": "UPI",
    "d": "AP",
    "answer": "d"
  },
  {
    "question": "What state is known as the \"Palmetto State\"?",
    "a": "North Carolina",
    "b": "North Dakota",
    "c": "South Carolina",
    "d": "South Dakota",
    "answer": "c"
  },
  {
    "question": "Which one of these people was NOT a member of the Chicago 7?",
    "a": "Abby Hoffman",
    "b": "Jerry Rubin",
    "c": "Ralph Nader",
    "d": "Tom Hayden",
    "answer": "c"
  },
  {
    "question": "What bird did Benjamin Franklin advocate as the U.S. symbol?",
    "a": "Eagle",
    "b": "Turkey",
    "c": "Hawk",
    "d": "Robin",
    "answer": "b"
  },
  {
    "question": "What's the name of Tom Sawyer's aunt with whom he lived?",
    "a": "Polly",
    "b": "Becky",
    "c": "Anne",
    "d": "Sally",
    "answer": "a"
  },
  {
    "question": "Who was the first U.S. Billionaire?",
    "a": "J.P. Getty",
    "b": "John D. Rockefeller",
    "c": "Joeseph Kennedy",
    "d": "Henry Ford",
    "answer": "b"
  },
  {
    "question": "How many time zones are there in Canada?",
    "a": "4",
    "b": "5",
    "c": "6",
    "d": "7",
    "answer": "d"
  },
  {
    "question": "What was the only state McGovern carried in the 1972 election?",
    "a": "North Dakota",
    "b": "South Dakota",
    "c": "California",
    "d": "Massachusetts",
    "answer": "d"
  },
  {
    "question": "What has been called \"The Mother of the Arts\"?",
    "a": "Biology",
    "b": "Physics",
    "c": "Architecture",
    "d": "Horticulture",
    "answer": "c"
  },
  {
    "question": "What does Erma Bombeck say the grass is always greener over?",
    "a": "The Hill",
    "b": "The Fence",
    "c": "The Degree",
    "d": "The Septic Tank",
    "answer": "d"
  },
  {
    "question": "Who was Playboy's first centerfold model?",
    "a": "Joan Collins",
    "b": "Eliabeth Taylor",
    "c": "Marilyn Monroe",
    "d": "Betty Grable",
    "answer": "c"
  },
  {
    "question": "How many children did Adam and Eve have together?",
    "a": "1",
    "b": "3",
    "c": "5",
    "d": "7",
    "answer": "b"
  },
  {
    "question": "What was the first U.S. consumer product sold in the U.S.S.R.?",
    "a": "Levi's",
    "b": "Cola-Cola",
    "c": "Pepsi-Cola",
    "d": "Kinney's",
    "answer": "c"
  },
  {
    "question": "What warship was nicknamed \"Old Ironsides\"?",
    "a": "The Constitution",
    "b": "The Meremack",
    "c": "The Maine",
    "d": "The Monitor",
    "answer": "a"
  },
  {
    "question": "What city is considered \"The City of Lights\"?",
    "a": "London",
    "b": "Rome",
    "c": "Las Vegas",
    "d": "Paris",
    "answer": "d"
  },
  {
    "question": "What state is known as the Volunteer State?",
    "a": "Kentucky",
    "b": "Tennessee",
    "c": "Rhode Island",
    "d": "Maryland",
    "answer": "b"
  },
  {
    "question": "In what state are the Carlsbad Caverns?",
    "a": "California",
    "b": "Colorado",
    "c": "New Mexico",
    "d": "Arizona",
    "answer": "c"
  },
  {
    "question": "What year began the French Revolution?",
    "a": "1739",
    "b": "1789",
    "c": "1813",
    "d": "1821",
    "answer": "b"
  },
  {
    "question": "What chain did Ray Kroc build?",
    "a": "McDonald'",
    "b": "Safeway",
    "c": "Kinney's",
    "d": "Woolworth's",
    "answer": "a"
  },
  {
    "question": "What continent's westernmost point is called Cape Verde?",
    "a": "Africa",
    "b": "Europe",
    "c": "South America",
    "d": "Antartica",
    "answer": "a"
  },
  {
    "question": "What was the last mainland state to join the Union?",
    "a": "Texas",
    "b": "California",
    "c": "Arizona",
    "d": "Utah",
    "answer": "c"
  },
  {
    "question": "What is the most common Christian name of U.S. Presidents?",
    "a": "John",
    "b": "James",
    "c": "Richard",
    "d": "Thomas",
    "answer": "b"
  },
  {
    "question": "What was Marco Polo's home town?",
    "a": "Rome",
    "b": "Venice",
    "c": "Athens",
    "d": "Istanbul",
    "answer": "b"
  },
  {
    "question": "In Peanuts, how much did Lucy first charge per psychiatric session?",
    "a": "1 cent",
    "b": "5 cents",
    "c": "10 cents",
    "d": "1 compliment",
    "answer": "b"
  },
  {
    "question": "Who is the one-eyes giant of Greek mythology?",
    "a": "Siren",
    "b": "Spartacus",
    "c": "Fleece",
    "d": "Cyclops",
    "answer": "d"
  },
  {
    "question": "What detective retired to become a beekeeper?",
    "a": "Sam Spade",
    "b": "Sherlock Holmes",
    "c": "Hercule Peroit",
    "d": "Charlie Chan",
    "answer": "b"
  },
  {
    "question": "Where is Harry's New York Bar?",
    "a": "London",
    "b": "Berlin",
    "c": "Rome",
    "d": "Paris",
    "answer": "d"
  },
  {
    "question": "What plant is opium derived from?",
    "a": "Coco plant",
    "b": "Opiumist plant",
    "c": "Poppy plant",
    "d": "Opium sunflower",
    "answer": "c"
  },
  {
    "question": "Who is the most translated English author?",
    "a": "Agatha Christie",
    "b": "Shakespeare",
    "c": "William Keats",
    "d": "Ian Fleming",
    "answer": "b"
  },
  {
    "question": "Where is Bantry Bay?",
    "a": "England",
    "b": "Scotland",
    "c": "Ireland",
    "d": "Canada",
    "answer": "c"
  },
  {
    "question": "Who found the long lost explorer David Livingston?",
    "a": "Henry Livingston",
    "b": "Charles Lindstrum",
    "c": "Stanley D. Baker",
    "d": "Henry Stanley",
    "answer": "d"
  },
  {
    "question": "What country suffers from the most earthquakes?",
    "a": "United States",
    "b": "Italy",
    "c": "Japan",
    "d": "Mexico",
    "answer": "c"
  },
  {
    "question": "What fraction pure is 18-carot gold?",
    "a": "1/2",
    "b": "2/3",
    "c": "3/4",
    "d": "7/8",
    "answer": "c"
  },
  {
    "question": "What is the name of Little Orphan Annie's dog?",
    "a": "Sandy",
    "b": "Rover",
    "c": "Missing",
    "d": "Scruffy",
    "answer": "a"
  },
  {
    "question": "What is the most looked-at painting in the Louvre?",
    "a": "The Last Supper",
    "b": "The Mona Lisa",
    "c": "The Venus de Milo",
    "d": "The Coronation",
    "answer": "b"
  },
  {
    "question": "What is the first word of the text of the Declaration of Independence",
    "a": "We",
    "b": "The",
    "c": "When",
    "d": "Of",
    "answer": "c"
  },
  {
    "question": "Who shot Martin Luther King Jr.?",
    "a": "Malcolm X",
    "b": "James Earl Ray",
    "c": "Thomas Sterns",
    "d": "John Calibash",
    "answer": "b"
  },
  {
    "question": "What nationality was Pablo Picasso?",
    "a": "Portuguese",
    "b": "Italian",
    "c": "French",
    "d": "Spanish",
    "answer": "d"
  },
  {
    "question": "What year as the Berlin Wall erected?",
    "a": "1957",
    "b": "1961",
    "c": "1963",
    "d": "1959",
    "answer": "b"
  },
  {
    "question": "What magazine entered the ranks on November 23, 1936?",
    "a": "Time",
    "b": "Life",
    "c": "Playboy",
    "d": "Readers Digest",
    "answer": "b"
  },
  {
    "question": "What is the world's largest dog?",
    "a": "Irish Wolfhound",
    "b": "English Sheepdog",
    "c": "Greyhound",
    "d": "Great Dane",
    "answer": "a"
  },
  {
    "question": "What European city is Karl Marx buried in?",
    "a": "Moscow",
    "b": "Berlin",
    "c": "Vienna",
    "d": "London",
    "answer": "d"
  },
  {
    "question": "What river is Pocahontas buried along?",
    "a": "The Rhine",
    "b": "The Thames",
    "c": "The Colorado",
    "d": "The Mississippi",
    "answer": "b"
  },
  {
    "question": "What kind of creatures are the Canary Islands named for?",
    "a": "Birds",
    "b": "Dogs",
    "c": "Fish",
    "d": "Bears",
    "answer": "b"
  },
  {
    "question": "On what continent is Mount Kilimanjaro?",
    "a": "Asia",
    "b": "North America",
    "c": "Africa",
    "d": "Europe",
    "answer": "c"
  },
  {
    "question": "How many times larger than life size is the Statue of Liberty?",
    "a": "10",
    "b": "20",
    "c": "50",
    "d": "100",
    "answer": "b"
  }
]
