[
  {
    "question": "Clocked at over 60 mph, what is the fastest mammal on earth?",
    "a": "Gazelle",
    "b": "Road Runner",
    "c": "Cheetah",
    "d": "Greyhound",
    "answer": "c"
  },
  {
    "question": "Which is the smallest planet?",
    "a": "Venus",
    "b": "Mercury",
    "c": "Mars",
    "d": "Pluto",
    "answer": "b"
  },
  {
    "question": "\"The Voyage of The Beagle\" told of which scientist's discoveries?",
    "a": "Enrico Fermi",
    "b": "Charles Darwin",
    "c": "Luther Burbank",
    "d": "Phineas Fogg",
    "answer": "b"
  },
  {
    "question": "Who was known as \"The Father of Geometry\"?",
    "a": "Newton",
    "b": "Einstein",
    "c": "Pascal",
    "d": "Euclid",
    "answer": "d"
  },
  {
    "question": "What state has the highest average annual rainfall?",
    "a": "Washington",
    "b": "Oregon",
    "c": "Hawaii",
    "d": "Florida",
    "answer": "c"
  },
  {
    "question": "What is the first planet that a man-made object landed on?",
    "a": "Venus",
    "b": "Mars",
    "c": "Mercury",
    "d": "Jupiter",
    "answer": "b"
  },
  {
    "question": "Name the plane in which the Wright Brothers made history.",
    "a": "The Kittyhawk",
    "b": "Spirit of St. Louis",
    "c": "The Flyer",
    "d": "Orville's Folly",
    "answer": "c"
  },
  {
    "question": "What is the name of a triangle that has two equal sides?",
    "a": "Equilateral",
    "b": "Isosceles",
    "c": "Bilateral",
    "d": "Bipolar",
    "answer": "b"
  },
  {
    "question": "What color are a zebra's stripes?",
    "a": "Black",
    "b": "White",
    "c": "Brown",
    "d": "Yellow",
    "answer": "a"
  },
  {
    "question": "What is the only animal on earth with four knees?",
    "a": "Elephant",
    "b": "Rhinoceros",
    "c": "Giraffe",
    "d": "Camel",
    "answer": "a"
  },
  {
    "question": "A nano-second is what part of a second?",
    "a": "One millionth",
    "b": "One billionth",
    "c": "One Trillionth",
    "d": "One Thousandth",
    "answer": "b"
  },
  {
    "question": "In which state would you find Zion National Park?",
    "a": "Colorado",
    "b": "Arizona",
    "c": "New Mexico",
    "d": "Utah",
    "answer": "d"
  },
  {
    "question": "The brightest star visible in the Northern Hemisphere is...",
    "a": "Polaris",
    "b": "Vega",
    "c": "Betelgeuse",
    "d": "Sirius",
    "answer": "d"
  },
  {
    "question": "The astronomical entity known as The Pleiades is ...",
    "a": "a galaxy",
    "b": "a nebula",
    "c": "a star cluster",
    "d": "an asteroid",
    "answer": "c"
  },
  {
    "question": "Who is generally credited with the invention of the microscope?",
    "a": "Galileo",
    "b": "Leeuwenhoek",
    "c": "Tycho Brahe",
    "d": "Francis Bacon",
    "answer": "b"
  },
  {
    "question": "The electrically conducive gaps surrounding nerve endings are...",
    "a": "neurons",
    "b": "photons",
    "c": "serotonins",
    "d": "synapses",
    "answer": "d"
  },
  {
    "question": "At what temperature does book paper catch fire and burn?",
    "a": "Celsius 100",
    "b": "Fahrenheit 212",
    "c": "Celsius 60",
    "d": "Fahrenheit 451",
    "answer": "d"
  },
  {
    "question": "Where would you find the \"Sea of Tranquility\"?",
    "a": "the Bering Straits",
    "b": "Antartica",
    "c": "a Galilean novel",
    "d": "the moon",
    "answer": "d"
  },
  {
    "question": "What is the official state bird of the state of Utah?",
    "a": "the seagull",
    "b": "the mockingbird",
    "c": "the hummingbird",
    "d": "the saltwater marsh",
    "answer": "a"
  },
  {
    "question": "Of the following dinosaurs, which was the only one capable of flight",
    "a": "Allosaurus",
    "b": "Stegosaurus",
    "c": "Pterodactyl",
    "d": "Triceratops",
    "answer": "c"
  },
  {
    "question": "What is the highest point in the United States?",
    "a": "Mt. Shasta, CA",
    "b": "Mt. Madonna, CA",
    "c": "Mt. Ranier, WA",
    "d": "Mt. McKinley, AL",
    "answer": "d"
  },
  {
    "question": "Water makes up what percentage of an average apple?",
    "a": "10%",
    "b": "25%",
    "c": "57%",
    "d": "84%",
    "answer": "d"
  },
  {
    "question": "A \"light year\" measures:",
    "a": "Time",
    "b": "Speed",
    "c": "Distance",
    "d": "Intensity",
    "answer": "c"
  },
  {
    "question": "What Apollo lunar landing was cancelled after a tank explosion?",
    "a": "Apollo 13",
    "b": "Apollo 1",
    "c": "Apollo 9",
    "d": "Apollo 4",
    "answer": "a"
  },
  {
    "question": "Which of these IS NOT one of the usual forms of matter?",
    "a": "Liquid",
    "b": "Solid",
    "c": "Plasma",
    "d": "None of the above",
    "answer": "d"
  },
  {
    "question": "How many days long is a year on the planet Mercury?",
    "a": "365",
    "b": "1074",
    "c": "742",
    "d": "88",
    "answer": "d"
  },
  {
    "question": "\"BTU's\" measure what?",
    "a": "Heat energy",
    "b": "Volume",
    "c": "Time",
    "d": "Water Pressure",
    "answer": "a"
  },
  {
    "question": "Besides oxygen, what is the other main substance in the atmosphere?",
    "a": "Helium",
    "b": "Carbon",
    "c": "Nitrogen",
    "d": "Strontium",
    "answer": "c"
  },
  {
    "question": "In which of these places would you NOT be able to use a siphon?",
    "a": "New Delhi, India",
    "b": "Death Valley, CA",
    "c": "The moon",
    "d": "Along the equator",
    "answer": "c"
  },
  {
    "question": "What is a chinook?",
    "a": "A type of rain",
    "b": "A type of wind",
    "c": "An eskimo tool",
    "d": "A fishing hook",
    "answer": "b"
  },
  {
    "question": "In how many years do sunspots cycle?",
    "a": "1",
    "b": "11",
    "c": "36",
    "d": "76",
    "answer": "b"
  },
  {
    "question": "Who was the first person to be awarded the Nobel Prize twice?",
    "a": "Enrico Fermi",
    "b": "William Shockley",
    "c": "Marie Curie",
    "d": "Louis Pasteur",
    "answer": "c"
  },
  {
    "question": "Which animal has the largest brain?",
    "a": "Blue Whale",
    "b": "Human Being",
    "c": "Giraffe",
    "d": "Dolphin",
    "answer": "a"
  },
  {
    "question": "Approximately how many species of butterfly are there?",
    "a": "100",
    "b": "1000",
    "c": "100,000",
    "d": "1,000,000",
    "answer": "c"
  },
  {
    "question": "What is the chemical symbol for gold?",
    "a": "K",
    "b": "Ag",
    "c": "Hg",
    "d": "Au",
    "answer": "d"
  },
  {
    "question": "The Pythagorean Theorem applies to what kind of triangle?",
    "a": "Isoceles",
    "b": "Equilateral",
    "c": "Right",
    "d": "Any triangle",
    "answer": "c"
  },
  {
    "question": "What term describes an animal which is active at night?",
    "a": "Carnivorous",
    "b": "Nocturnal",
    "c": "Plebeian",
    "d": "Amphibious",
    "answer": "b"
  },
  {
    "question": "What is the major greenhouse flower crop in the United States?",
    "a": "Orchids",
    "b": "Carnations",
    "c": "Daisies",
    "d": "Roses",
    "answer": "d"
  },
  {
    "question": "What bird lays the largest egg?",
    "a": "Dodo Bird",
    "b": "Ostrich",
    "c": "Pterodactyl",
    "d": "Bald Eagle",
    "answer": "b"
  },
  {
    "question": "Which is the largest land animal?",
    "a": "African elephant",
    "b": "Indian elephant",
    "c": "Black rhino",
    "d": "Sudanese Hippo",
    "answer": "a"
  },
  {
    "question": "In which U.S. state do the most bald eagles live?",
    "a": "Wyoming",
    "b": "California",
    "c": "Idaho",
    "d": "Alaska",
    "answer": "d"
  },
  {
    "question": "During which event would you be able to see \"Bailey's Beads\"?",
    "a": "A lunar eclipse",
    "b": "A solar eclipse",
    "c": "a Super Nova",
    "d": "a core meltdown",
    "answer": "b"
  },
  {
    "question": "What is the approximate weight of an adult human's skin?",
    "a": "1 pound",
    "b": "3 pounds",
    "c": "6 pounds",
    "d": "15 pounds",
    "answer": "c"
  },
  {
    "question": "How deep is the world's deepest ocean?",
    "a": "36,000 feet",
    "b": "46,000 feet",
    "c": "56,000 feet",
    "d": "66,000 feet",
    "answer": "a"
  },
  {
    "question": "How many earthquakes are there in an average year?",
    "a": "5",
    "b": "500",
    "c": "5,000",
    "d": "500,000",
    "answer": "d"
  },
  {
    "question": "How many degrees is the average human's field of vision?",
    "a": "30 degrees",
    "b": "150 degrees",
    "c": "180 degrees",
    "d": "227 degrees",
    "answer": "c"
  },
  {
    "question": "How many gallons of blood are filtered by the kidneys each day?",
    "a": "0.5",
    "b": "5",
    "c": "50",
    "d": "500",
    "answer": "d"
  },
  {
    "question": "What constellation is supposed to depict a hunter?",
    "a": "Pegasus",
    "b": "Cassiopeia",
    "c": "Libra",
    "d": "Orion",
    "answer": "d"
  },
  {
    "question": "From what tree is the Pecan Nut harvested?",
    "a": "Pecan tree",
    "b": "Hickory tree",
    "c": "Maple tree",
    "d": "Oak tree",
    "answer": "b"
  },
  {
    "question": "Another name for the clavicle is:",
    "a": "The tail bone",
    "b": "The foot bone",
    "c": "The collar bone",
    "d": "The hip",
    "answer": "c"
  },
  {
    "question": "At what speed does the earth travel through space?",
    "a": "16,245 mph",
    "b": "36,672 mph",
    "c": "66,620 mph",
    "d": "93,000 mph",
    "answer": "c"
  },
  {
    "question": "What is unusual about 4.25 acre Craighead Lake?",
    "a": "It's always frozen",
    "b": "It's on the moon",
    "c": "It's underwater",
    "d": "It's underground",
    "answer": "d"
  },
  {
    "question": "The Asteroid Belt orbits between which two planets?",
    "a": "Venus and Earth",
    "b": "Earth and Mars",
    "c": "Mars and Jupiter",
    "d": "Jupiter and Saturn",
    "answer": "c"
  },
  {
    "question": "In the equation \"E = mc2\", what does the \"c\" stand for?",
    "a": "Energy",
    "b": "Carbon",
    "c": "The speed of light",
    "d": "Conservation",
    "answer": "c"
  },
  {
    "question": "Which is the first element in the Periodic Table of Elements?",
    "a": "Helium",
    "b": "Hydrogen",
    "c": "Oxygen",
    "d": "Carbon",
    "answer": "b"
  },
  {
    "question": "What is CURRENTLY the farthest planet from the sun?",
    "a": "Pluto",
    "b": "Neptune",
    "c": "Uranus",
    "d": "Saturn",
    "answer": "b"
  },
  {
    "question": "What percentage of California is classified as desert?",
    "a": "0.24 percent",
    "b": "2.4 percent",
    "c": "24.0 percent",
    "d": "42.0 percent",
    "answer": "c"
  },
  {
    "question": "Which of the following IS NOT one of the elements?",
    "a": "Krypton",
    "b": "Oxygen",
    "c": "Helium",
    "d": "Water",
    "answer": "d"
  },
  {
    "question": "During which season is the sun farthest from the Earth?",
    "a": "Winter",
    "b": "Spring",
    "c": "Summer",
    "d": "Fall",
    "answer": "c"
  },
  {
    "question": "Splitting the nucleus of an atom is referred to as:",
    "a": "Fission",
    "b": "Fusion",
    "c": "Simple",
    "d": "Ribo-nucleic",
    "answer": "a"
  },
  {
    "question": "What is the oldest man-made material?",
    "a": "Rope",
    "b": "Plastic",
    "c": "Pottery",
    "d": "Glass",
    "answer": "d"
  },
  {
    "question": "Which of the following colors is closest to violet on the spectrum?",
    "a": "Red",
    "b": "Orange",
    "c": "Yellow",
    "d": "All are the same",
    "answer": "c"
  },
  {
    "question": "A Hexagon has how many sides?",
    "a": "5",
    "b": "6",
    "c": "7",
    "d": "8",
    "answer": "b"
  },
  {
    "question": "What percentage of fire-related deaths is due to smoke inhalation?",
    "a": "20 percent",
    "b": "40 percent",
    "c": "60 percent",
    "d": "80 percent",
    "answer": "d"
  },
  {
    "question": "Which is the largest flying bird?",
    "a": "The albatross",
    "b": "The ostrich",
    "c": "The owl",
    "d": "The stork",
    "answer": "a"
  },
  {
    "question": "Which of these IS NOT one of the 3 Kingdoms of Nature?",
    "a": "Vegetable",
    "b": "Mineral",
    "c": "Aquatic",
    "d": "Animal",
    "answer": "c"
  },
  {
    "question": "How many years are in a Millenium?",
    "a": "100",
    "b": "1,000",
    "c": "1 million",
    "d": "10,000",
    "answer": "b"
  },
  {
    "question": "How many permanent teeth should an adult have?",
    "a": "24",
    "b": "32",
    "c": "36",
    "d": "42",
    "answer": "b"
  },
  {
    "question": "What is the colored portion of the eye called?",
    "a": "The pupil",
    "b": "The iris",
    "c": "The retina",
    "d": "The optic nerve",
    "answer": "b"
  },
  {
    "question": "How many men have walked on the moon?",
    "a": "4",
    "b": "7",
    "c": "10",
    "d": "12",
    "answer": "d"
  },
  {
    "question": "What galaxy are we a part of?",
    "a": "The Milky Way",
    "b": "The Andromeda",
    "c": "The Solar System",
    "d": "Alpha Centauri",
    "answer": "a"
  },
  {
    "question": "Which country experiences the most tornadoes annually?",
    "a": "India",
    "b": "United States",
    "c": "Phillipines",
    "d": "Australia",
    "answer": "b"
  },
  {
    "question": "What is the most abundant chemical in the earth's crust?",
    "a": "Calcium",
    "b": "Oxygen",
    "c": "Hydrogen",
    "d": "Uranium",
    "answer": "b"
  },
  {
    "question": "What is the sum of the interior angles of a triangle?",
    "a": "90 degrees",
    "b": "180 degrees",
    "c": "270 degrees",
    "d": "360 degrees",
    "answer": "b"
  },
  {
    "question": "The speed of light is 186,000 ...",
    "a": "feet per second.",
    "b": "feet per hour.",
    "c": "miles per second.",
    "d": "miles per hour.",
    "answer": "c"
  },
  {
    "question": "What is the lightest of all metals?",
    "a": "Aluminum",
    "b": "Magnesium",
    "c": "Lithium",
    "d": "Iron",
    "answer": "c"
  },
  {
    "question": "In what year did Neil Armstrong make his historic moon walk?",
    "a": "1968",
    "b": "1969",
    "c": "1970",
    "d": "1967",
    "answer": "b"
  },
  {
    "question": "Which is the cave formation which hangs from the cieling?",
    "a": "Stalagmites",
    "b": "Stalactites",
    "c": "Both of above",
    "d": "Neither of above",
    "answer": "b"
  },
  {
    "question": "What is commonly used as airline jet fuel?",
    "a": "Nitromethane",
    "b": "Gasoline",
    "c": "Liquid Nitrogen",
    "d": "Kerosene",
    "answer": "d"
  },
  {
    "question": "How many people are killed, on the average, each day by lightning?",
    "a": "1",
    "b": "5",
    "c": "10",
    "d": "20",
    "answer": "d"
  },
  {
    "question": "What two colors do color-blind people have trouble distinguishing",
    "a": "Red & Green",
    "b": "Blue & violet",
    "c": "Orange and Yellow",
    "d": "Aquamarine & Pink",
    "answer": "a"
  },
  {
    "question": "What do you call a female calf?",
    "a": "A cowette",
    "b": "A eunuch",
    "c": "A heifer",
    "d": "A steer",
    "answer": "c"
  },
  {
    "question": "What is the main substance contained within pearls?",
    "a": "pearlite",
    "b": "sand",
    "c": "calcium",
    "d": "ivory",
    "answer": "c"
  },
  {
    "question": "Which eye element controls the amount of light allowed to enter?",
    "a": "The pupil",
    "b": "The retina",
    "c": "The cone",
    "d": "The iris",
    "answer": "d"
  },
  {
    "question": "What is considered to be the saltiest lake on Earth?",
    "a": "Great Salt Lake",
    "b": "Lake Superior",
    "c": "The Dead Sea",
    "d": "Lake Titticacca",
    "answer": "c"
  },
  {
    "question": "How would you write the number 69 in Roman Numerals?",
    "a": "XXIX",
    "b": "LLIX",
    "c": "LXVIII",
    "d": "LXIX",
    "answer": "d"
  },
  {
    "question": "Which country has the third most satellites in orbit?",
    "a": "France",
    "b": "England",
    "c": "West Germany",
    "d": "Japan",
    "answer": "a"
  },
  {
    "question": "What is the common name for iron coated with zinc?",
    "a": "Nickel",
    "b": "Nickel Ferrite",
    "c": "Zinc Oxide",
    "d": "Galvanized Iron",
    "answer": "d"
  },
  {
    "question": "What makes plants green?",
    "a": "Chloropromazine",
    "b": "Chloroform",
    "c": "Sodium Chloride",
    "d": "Chlorophyll",
    "answer": "d"
  },
  {
    "question": "Which was the first Apollo mission to orbit the moon?",
    "a": "Apollo 13",
    "b": "Apollo 10",
    "c": "Apollo 8",
    "d": "Apollo 5",
    "answer": "c"
  },
  {
    "question": "What's a capon?",
    "a": "A guitar accessory",
    "b": "A lunatic monkey",
    "c": "A tongueless calf",
    "d": "A castrated rooster",
    "answer": "d"
  },
  {
    "question": "What was the 1st major publication to feature a hologram on its cover",
    "a": "Scientific American",
    "b": "Omni Magazine",
    "c": "Popular Electronics",
    "d": "National Geographic",
    "answer": "d"
  },
  {
    "question": "A typical caterpillar has how many legs?",
    "a": "16",
    "b": "32",
    "c": "8",
    "d": "12",
    "answer": "a"
  },
  {
    "question": "What is the gestation period of an elephant?",
    "a": "9 months",
    "b": "21 months",
    "c": "12 months",
    "d": "36 months",
    "answer": "b"
  },
  {
    "question": "What is the psychological term for self-love?",
    "a": "Super-Egotism",
    "b": "Oedipus Complex",
    "c": "Narcissism",
    "d": "Voyeurism",
    "answer": "c"
  },
  {
    "question": "Which color has the longest wavelength?",
    "a": "Red",
    "b": "Yellow",
    "c": "Blue",
    "d": "Green",
    "answer": "a"
  },
  {
    "question": "Which element do ALL organic compounds contain?",
    "a": "Oxygen",
    "b": "Carbon",
    "c": "Water",
    "d": "Hydrogen",
    "answer": "b"
  },
  {
    "question": "What was the life-span of most of the dinosaurs?",
    "a": "20 years",
    "b": "100 years",
    "c": "200 years",
    "d": "40 years",
    "answer": "b"
  },
  {
    "question": "By age 60, most people lost what percentage of their taste buds?",
    "a": "10 percent",
    "b": "25 percent",
    "c": "50 percent",
    "d": "75 percent",
    "answer": "c"
  },
  {
    "question": "Which of the senses is most closely linked to memory?",
    "a": "Sight",
    "b": "Touch",
    "c": "Smell",
    "d": "Taste",
    "answer": "c"
  },
  {
    "question": "What was the average life span in the year 700 B.C.?",
    "a": "48 years",
    "b": "38 years",
    "c": "28 years",
    "d": "18 years",
    "answer": "d"
  },
  {
    "question": "Who was the first man to orbit the Earth?",
    "a": "John Glenn",
    "b": "Alan Shephard",
    "c": "Yuri Gagarin",
    "d": "Buzz Aldrin",
    "answer": "c"
  },
  {
    "question": "How far is the sun from earth?",
    "a": "93,000 miles",
    "b": "930,000 miles",
    "c": "93,000,000 miles",
    "d": "930,000,000 miles",
    "answer": "c"
  },
  {
    "question": "The apparent shift in stars from different perspectives is called:",
    "a": "Parallelism",
    "b": "Parallax",
    "c": "Apogee",
    "d": "Perspicacity",
    "answer": "b"
  },
  {
    "question": "Which of these is NOT one of the four \"H\"s in the 4-H Club?",
    "a": "Head",
    "b": "Heart",
    "c": "Husbandry",
    "d": "Health",
    "answer": "c"
  },
  {
    "question": "Which of the two Wright Brothers flew their historic first flight?",
    "a": "Orville",
    "b": "Wilbur",
    "c": "Niether of them",
    "d": "Both of them",
    "answer": "a"
  },
  {
    "question": "What percentage of alcohol is in 100 proof whiskey?",
    "a": "100 percent",
    "b": "50 percent",
    "c": "200 percent",
    "d": "250 percent",
    "answer": "b"
  },
  {
    "question": "What's the cube root of 27?",
    "a": "9",
    "b": "729",
    "c": "3",
    "d": "81",
    "answer": "c"
  },
  {
    "question": "What does a chiropodist treat?",
    "a": "The hands & feet",
    "b": "The feet only",
    "c": "The hands only",
    "d": "The back only",
    "answer": "a"
  },
  {
    "question": "When do you plant Winter Wheat?",
    "a": "In the Summer",
    "b": "In the Winter",
    "c": "In the Fall",
    "d": "In the Spring",
    "answer": "c"
  },
  {
    "question": "What does the male preying mantis lose after mating?",
    "a": "His skin",
    "b": "His sex organs",
    "c": "His antennae",
    "d": "His head",
    "answer": "d"
  },
  {
    "question": "Which science fiction writer had a part in the development of radar?",
    "a": "Ray Bradbury",
    "b": "Jerry Pournelle",
    "c": "Arthur C. Clarke",
    "d": "Isaac Asimov",
    "answer": "c"
  },
  {
    "question": "In which direction does a comet's tail point?",
    "a": "Towards the sun",
    "b": "Away from the sum",
    "c": "Towards the Earth",
    "d": "Away from the Earth",
    "answer": "b"
  },
  {
    "question": "What insect kills more people than any other insect or any snake?",
    "a": "The mosquito",
    "b": "The cockroach",
    "c": "The honey bee",
    "d": "The black widow",
    "answer": "c"
  },
  {
    "question": "What kind of animals was Napoleon afraid of?",
    "a": "Elephants",
    "b": "Cats",
    "c": "Dogs",
    "d": "Snakes",
    "answer": "b"
  },
  {
    "question": "Which is the only animal whose skin can be grafted to mans'?",
    "a": "The monkey",
    "b": "The chimpanzee",
    "c": "The gorilla",
    "d": "The pig",
    "answer": "d"
  },
  {
    "question": "How long does it take the planet Pluto to go around the sun?",
    "a": "1 earth year",
    "b": "15 earth years",
    "c": "117 earth years",
    "d": "248 earth years",
    "answer": "d"
  },
  {
    "question": "What's the Fahrenheit equivalent of zero degrees centigrade?",
    "a": "Minus 212",
    "b": "0",
    "c": "32",
    "d": "Minus 100",
    "answer": "c"
  },
  {
    "question": "What organ of the body heals the fastest?",
    "a": "The skin",
    "b": "The eye",
    "c": "The liver",
    "d": "The brain",
    "answer": "b"
  },
  {
    "question": "Who made the 1st round-the-world solo flight?",
    "a": "Amelia Earhart",
    "b": "Charles Lindbergh",
    "c": "Rosie Ruiz",
    "d": "Wiley Post",
    "answer": "d"
  },
  {
    "question": "What was the name of world's first nuclear powered aircraft carrier?",
    "a": "The Nautilus",
    "b": "The Trident",
    "c": "The Enterprise",
    "d": "The Eisenhower",
    "answer": "c"
  },
  {
    "question": "Which Pole gets more sunlight?",
    "a": "The North Pole",
    "b": "The South Pole",
    "c": "Both the same",
    "d": "Neither of the two",
    "answer": "a"
  },
  {
    "question": "How many feet are in a mile?",
    "a": "8520",
    "b": "5820",
    "c": "5028",
    "d": "5280",
    "answer": "d"
  },
  {
    "question": "What's the second largest planet in our solar system?",
    "a": "Earth",
    "b": "Jupiter",
    "c": "Uranus",
    "d": "Saturn",
    "answer": "d"
  },
  {
    "question": "What is the triangular shaped Greek letter called?",
    "a": "Alpha",
    "b": "Beta",
    "c": "Delta",
    "d": "Phi",
    "answer": "c"
  },
  {
    "question": "Are barnacles plants or animals?",
    "a": "Plants",
    "b": "Animals",
    "c": "Neither, mineral.",
    "d": "Both",
    "answer": "b"
  },
  {
    "question": "What is quicksilver?",
    "a": "Ionized silver",
    "b": "Zinc",
    "c": "Mercury",
    "d": "Frozen quicksand",
    "answer": "c"
  },
  {
    "question": "How many chambers are there in the human heart?",
    "a": "Only one",
    "b": "2",
    "c": "3",
    "d": "4",
    "answer": "d"
  },
  {
    "question": "How many tentacles does a squid have?",
    "a": "8",
    "b": "10",
    "c": "16",
    "d": "32",
    "answer": "b"
  },
  {
    "question": "When Thomas Edison died, how many patents did he have in his name?",
    "a": "Over 1000",
    "b": "None",
    "c": "1",
    "d": "43",
    "answer": "a"
  },
  {
    "question": "In which direction does the Sahara Desert expand each year?",
    "a": "North",
    "b": "South",
    "c": "East",
    "d": "West",
    "answer": "b"
  },
  {
    "question": "What does a gynephobic man fear?",
    "a": "Cancer",
    "b": "Hospitals",
    "c": "Gyroscopes",
    "d": "Women",
    "answer": "d"
  },
  {
    "question": "What section of an airline gives the bumpiest ride?",
    "a": "The front",
    "b": "The tail",
    "c": "The center",
    "d": "Makes no difference",
    "answer": "b"
  },
  {
    "question": "What does an anthropophagist eat?",
    "a": "Meat",
    "b": "Vegetation",
    "c": "Cattle",
    "d": "Humans",
    "answer": "d"
  },
  {
    "question": "What's the medical name for cancer of the blood?",
    "a": "Carcinoma Platelet",
    "b": "A.I.D.S.",
    "c": "Carcinoma Plasma",
    "d": "Leukemia",
    "answer": "d"
  },
  {
    "question": "What is the square root of one-quarter?",
    "a": "One sixteenth",
    "b": "One half",
    "c": "1",
    "d": "4",
    "answer": "b"
  },
  {
    "question": "Which of the 5 senses is less sharp after eating too much?",
    "a": "Sight",
    "b": "Touch",
    "c": "Taste",
    "d": "Hearing",
    "answer": "d"
  },
  {
    "question": "Who invented the stock ticker?",
    "a": "Dow Jones",
    "b": "Henry Barron",
    "c": "Alvin Fernard",
    "d": "Thomas Edison",
    "answer": "d"
  },
  {
    "question": "How many sides does a Nonagon have?",
    "a": "None",
    "b": "12",
    "c": "1",
    "d": "9",
    "answer": "d"
  },
  {
    "question": "How many times a year does a penguin have sex?",
    "a": "0",
    "b": "365",
    "c": "12",
    "d": "1",
    "answer": "d"
  },
  {
    "question": "What's the average life-span of a mayfly?",
    "a": "1 hour",
    "b": "1 day",
    "c": "1 week",
    "d": "1 month",
    "answer": "b"
  },
  {
    "question": "Which of these is the only planet that DOES NOT have rings?",
    "a": "Saturn",
    "b": "Jupiter",
    "c": "Uranus",
    "d": "Neptune",
    "answer": "d"
  },
  {
    "question": "What is a castrated bull called?",
    "a": "A heifer",
    "b": "A capon",
    "c": "A maiden",
    "d": "A steer",
    "answer": "d"
  },
  {
    "question": "HoWhat color is a Granny Smith Apple?",
    "a": "Red",
    "b": "Purple",
    "c": "Green",
    "d": "Yellow",
    "answer": "c"
  },
  {
    "question": "What does a pedometer measure?",
    "a": "Walking distance",
    "b": "Child's temperature",
    "c": "Child's height",
    "d": "Child's weight",
    "answer": "a"
  },
  {
    "question": "What sedimentary rock was used to build The Pantheon & The Coliseum?",
    "a": "Marble",
    "b": "Travertine",
    "c": "Sandstone",
    "d": "Ironstone",
    "answer": "b"
  },
  {
    "question": "Where is the human skin the thickest?",
    "a": "The back",
    "b": "The head",
    "c": "The feet",
    "d": "The eyelids",
    "answer": "a"
  },
  {
    "question": "What is the chemical symbol for iron?",
    "a": "Ir",
    "b": "Fe",
    "c": "Fer",
    "d": "If",
    "answer": "b"
  },
  {
    "question": "Which drink is the most capable of quenching thirst?",
    "a": "Gatorade",
    "b": "Carbonated Cola",
    "c": "Water",
    "d": "Milk",
    "answer": "c"
  },
  {
    "question": "What does the Kelvin scale measure?",
    "a": "Heat",
    "b": "Depth",
    "c": "Weight",
    "d": "Time",
    "answer": "a"
  },
  {
    "question": "What's the most abundant element in the known Universe?",
    "a": "Hydrogen",
    "b": "Helium",
    "c": "Oxygen",
    "d": "Carbon",
    "answer": "a"
  },
  {
    "question": "What's the most abundant element in the sun?",
    "a": "Hydrogen",
    "b": "Helium",
    "c": "Oxygen",
    "d": "Carbon",
    "answer": "a"
  },
  {
    "question": "What invention is Thomas Crapper associated with?",
    "a": "The toilet",
    "b": "The rotary engine",
    "c": "The mousetrap",
    "d": "The steambath",
    "answer": "a"
  },
  {
    "question": "What organ is inflamed in the condition known as encephalitis?",
    "a": "The lungs",
    "b": "The heart",
    "c": "The kidneys",
    "d": "The brain",
    "answer": "d"
  },
  {
    "question": "What is the most widely used tranquilizer in the United States?",
    "a": "Quaalude",
    "b": "Seconal",
    "c": "Valium",
    "d": "Phenobarbitol",
    "answer": "c"
  },
  {
    "question": "In the US, what percentage of the population has an I.Q. over 100?",
    "a": "less than 2 percent",
    "b": "10 percent",
    "c": "25 percent",
    "d": "50 percent",
    "answer": "d"
  },
  {
    "question": "What is the largest organ of the human body?",
    "a": "The brain",
    "b": "The pancreas",
    "c": "The spleen",
    "d": "The skin",
    "answer": "d"
  },
  {
    "question": "What tool did Charles Moncke invent?",
    "a": "The Monkey Wrench",
    "b": "Vise-grips",
    "c": "The Drill Press",
    "d": "The Jigsaw",
    "answer": "a"
  },
  {
    "question": "What animal was revered by the ancient Egyptians?",
    "a": "The Camel",
    "b": "The Cow",
    "c": "The Cat",
    "d": "The Casbah Foobird",
    "answer": "c"
  },
  {
    "question": "How many degrees are there in a right angle?",
    "a": "45 degrees",
    "b": "90 degrees",
    "c": "180 degrees",
    "d": "none of the above",
    "answer": "b"
  },
  {
    "question": "Which African animal kills the most people?",
    "a": "The tiger",
    "b": "The lion",
    "c": "The crocodile",
    "d": "The mosquito",
    "answer": "c"
  },
  {
    "question": "What's a dactylogram?",
    "a": "A brain scan",
    "b": "A fingerprint",
    "c": "A flying dinosaur",
    "d": "A dinosaur fossil",
    "answer": "b"
  },
  {
    "question": "What is IBM's motto?",
    "a": "Think",
    "b": "In Better Minds",
    "c": "Everyone's Business",
    "d": "Industry Before Man",
    "answer": "a"
  },
  {
    "question": "How many cups of butter are there in a pound?",
    "a": "1",
    "b": "2",
    "c": "4",
    "d": "8",
    "answer": "b"
  },
  {
    "question": "What season begins with the Vernal Equinox?",
    "a": "Summer",
    "b": "Spring",
    "c": "Fall",
    "d": "Winter",
    "answer": "b"
  },
  {
    "question": "What does a binet scale measure?",
    "a": "Grain volume",
    "b": "Intelligence",
    "c": "Space Shuttles",
    "d": "Rocks",
    "answer": "b"
  },
  {
    "question": "How many moons does Mars have?",
    "a": "0",
    "b": "1",
    "c": "2",
    "d": "3",
    "answer": "c"
  },
  {
    "question": "From what part of the body does Lacrimal fluid flow?",
    "a": "The lymph glands",
    "b": "The pituitary gland",
    "c": "The eyes",
    "d": "The sweat glands",
    "answer": "c"
  },
  {
    "question": "What nursery rhyme character was arachnaphobic?",
    "a": "Georgie Porgie",
    "b": "Little Boy Blue",
    "c": "Little Miss Muffet",
    "d": "Little Bo Peep",
    "answer": "c"
  },
  {
    "question": "Which mosquito draws blood?",
    "a": "The male",
    "b": "The female",
    "c": "Both",
    "d": "Neither",
    "answer": "b"
  },
  {
    "question": "What inert gas is used in flourescent lights?",
    "a": "Neon",
    "b": "Freon",
    "c": "Krypton",
    "d": "Argon",
    "answer": "d"
  },
  {
    "question": "How many pounds are there in a stone?",
    "a": "10",
    "b": "12",
    "c": "16",
    "d": "14",
    "answer": "d"
  },
  {
    "question": "Which of these IS NOT a type of telescope?",
    "a": "Cassegrainian",
    "b": "Schmidt",
    "c": "Galilean",
    "d": "Palomatic",
    "answer": "d"
  },
  {
    "question": "On what type of tree do dates grow?",
    "a": "Palm trees",
    "b": "Date trees",
    "c": "Walnut trees",
    "d": "Hickory trees",
    "answer": "a"
  },
  {
    "question": "How many land miles are there in a league?",
    "a": "20,000",
    "b": "less than one",
    "c": "600",
    "d": "3",
    "answer": "d"
  },
  {
    "question": "What mammal lays eggs?",
    "a": "Crocodile",
    "b": "Ostrich",
    "c": "Platypus",
    "d": "Duckbilled Swoon",
    "answer": "c"
  },
  {
    "question": "What was the longest dinosaur?",
    "a": "Diplodocus",
    "b": "Brontosaurus",
    "c": "Bracyhosaurus",
    "d": "Stegosaurus",
    "answer": "a"
  },
  {
    "question": "What science deals with the origin and structure of the Universe?",
    "a": "Botany",
    "b": "Astrology",
    "c": "Cosmetology",
    "d": "Cosmology",
    "answer": "d"
  },
  {
    "question": "Who invented the reflecting telescope?",
    "a": "Galileo",
    "b": "Tycho Brahe",
    "c": "Carl Sagan",
    "d": "Isaac Newton",
    "answer": "d"
  },
  {
    "question": "Which fruit has the most calories?",
    "a": "Banana",
    "b": "Apricot",
    "c": "Avocado",
    "d": "Grapes",
    "answer": "c"
  },
  {
    "question": "What plant is rum made from?",
    "a": "Maple tree",
    "b": "Sugar cane",
    "c": "Bamboo tree",
    "d": "Rhubarb",
    "answer": "b"
  },
  {
    "question": "What is 40 percent of 40?",
    "a": "10",
    "b": "160",
    "c": "16",
    "d": "40",
    "answer": "c"
  },
  {
    "question": "What's the costliest man-made element on earth?",
    "a": "Einsteinium",
    "b": "Beryllium",
    "c": "Fermillium",
    "d": "Californium",
    "answer": "d"
  },
  {
    "question": "Linseed oil comes from what plant?",
    "a": "The linseed plant",
    "b": "The palm tree",
    "c": "The aloe plant",
    "d": "The flax plant",
    "answer": "d"
  },
  {
    "question": "The uvula is found...",
    "a": "In men only",
    "b": "In women only",
    "c": "In neither sex",
    "d": "In both men & women",
    "answer": "d"
  },
  {
    "question": "What disease in the US is still the most child-crippling?",
    "a": "Polio",
    "b": "Cystic Fibrosis",
    "c": "Cerebral Palsey",
    "d": "Dementia Tremens",
    "answer": "c"
  },
  {
    "question": "What disease has been described as The White Plague?",
    "a": "A.I.D.S.",
    "b": "SickleCell Leukemia",
    "c": "Tuberculosis",
    "d": "Bubonic Plague",
    "answer": "c"
  },
  {
    "question": "What does a venturi measure?",
    "a": "Rate of flow",
    "b": "Acceleration Rate",
    "c": "Gaseousness",
    "d": "Heart beats",
    "answer": "a"
  },
  {
    "question": "How many sheets of paper are there in a ream?",
    "a": "100",
    "b": "144",
    "c": "444",
    "d": "500",
    "answer": "d"
  },
  {
    "question": "How long is a baby kangaroo at birth?",
    "a": "1 inch",
    "b": "5 inches",
    "c": "18 inches",
    "d": "3 feet",
    "answer": "a"
  },
  {
    "question": "Middle C on a piano has a frequency of...",
    "a": "100 cps",
    "b": "165 cps",
    "c": "256 cps",
    "d": "440 cps",
    "answer": "c"
  },
  {
    "question": "The only species of cat which lives and hunts in groups is:",
    "a": "The lion",
    "b": "The jaguar",
    "c": "The cougar",
    "d": "The leopard",
    "answer": "a"
  },
  {
    "question": "How often does Halley's Comet come by earth?",
    "a": "Every 56 years",
    "b": "Every 76 years",
    "c": "Every 87 years",
    "d": "Every 92 years",
    "answer": "b"
  },
  {
    "question": "At what angle does the Earth tilt on its axis?",
    "a": "18 1/2 degrees",
    "b": "23 1/2 degrees",
    "c": "33 1/3 degrees",
    "d": "36 degrees",
    "answer": "b"
  },
  {
    "question": "What is the voltage of most car batteries?",
    "a": "6 volts",
    "b": "9 volts",
    "c": "12 volts",
    "d": "110 volts",
    "answer": "c"
  },
  {
    "question": "Where is the thyroid gland?",
    "a": "The thigh",
    "b": "The neck",
    "c": "The forehead area",
    "d": "The armpit area",
    "answer": "b"
  },
  {
    "question": "In which industry did Alfred Nobel make his fortune?",
    "a": "Diplomacy",
    "b": "Oil",
    "c": "Aircraft bombers",
    "d": "Dynamite",
    "answer": "d"
  },
  {
    "question": "What Greek physician is known as The Father of Medicine?",
    "a": "Socrates",
    "b": "Hippocrates",
    "c": "Euripides",
    "d": "Medicines",
    "answer": "b"
  },
  {
    "question": "How many sides does a cube have?",
    "a": "4",
    "b": "6",
    "c": "9",
    "d": "12",
    "answer": "b"
  },
  {
    "question": "Which of the Apollo Missions was first to land on the moon?",
    "a": "Apollo 9",
    "b": "Apollo 11",
    "c": "Apollo 13",
    "d": "Apollo 15",
    "answer": "b"
  },
  {
    "question": "What satellite carried the first trans-atlantic TV broadcast?",
    "a": "Comsat",
    "b": "Starsat",
    "c": "Telstar",
    "d": "Sputnik",
    "answer": "c"
  },
  {
    "question": "What is a group of bears called?",
    "a": "A gaggle",
    "b": "A den",
    "c": "A swarth",
    "d": "A sleuth",
    "answer": "d"
  },
  {
    "question": "What is a flat, broad-bodied, odorous insect?",
    "a": "Flatworm",
    "b": "Skunkbug",
    "c": "Stinkbug",
    "d": "Manta Ray",
    "answer": "c"
  },
  {
    "question": "What is a rhinoceros's horn made of?",
    "a": "Ivory",
    "b": "Cartilage",
    "c": "Hair",
    "d": "Bone",
    "answer": "c"
  },
  {
    "question": "Where are the Haversian Canals?",
    "a": "Greece",
    "b": "Mars",
    "c": "Inside of trees",
    "d": "Inside of bones",
    "answer": "d"
  },
  {
    "question": "What is snuff?",
    "a": "Cocaine",
    "b": "Processed Seaweed",
    "c": "Pulverized Tobacco",
    "d": "Refined Marjoram",
    "answer": "c"
  },
  {
    "question": "How many wings does a flea have?",
    "a": "4",
    "b": "8",
    "c": "2",
    "d": "0",
    "answer": "d"
  },
  {
    "question": "\"Tailor's Chalk\" is a variety of what mineral?",
    "a": "Mica",
    "b": "Talc",
    "c": "Graphite",
    "d": "Feldspar",
    "answer": "b"
  },
  {
    "question": "How many bits are in a byte?",
    "a": "none",
    "b": "8",
    "c": "16",
    "d": "32",
    "answer": "b"
  },
  {
    "question": "How many bytes are in a kilobyte?",
    "a": "2.2",
    "b": "1000",
    "c": "1024",
    "d": "1 million",
    "answer": "c"
  },
  {
    "question": "Dry ice is the common name for what compound?",
    "a": "Liquid Hydrogen",
    "b": "Carbon Monoxide",
    "c": "H20",
    "d": "Carbon Dioxide",
    "answer": "d"
  },
  {
    "question": "What is another name for the paleolithic age?",
    "a": "The Stone Age",
    "b": "The Ice Age",
    "c": "The Iron Age",
    "d": "The Bronze Age",
    "answer": "a"
  },
  {
    "question": "What did Blaise Pascal invent in his search for perpetual motion?",
    "a": "The Wheel of Pascal",
    "b": "The Wheel of Motion",
    "c": "The gyroscope",
    "d": "The Roulette wheel",
    "answer": "d"
  },
  {
    "question": "What is the distinguishing feature of marsupial animals?",
    "a": "Live in trees",
    "b": "Active at night",
    "c": "Have pouches",
    "d": "Eat only leaves",
    "answer": "c"
  },
  {
    "question": "What is the state bird of Maryland?",
    "a": "Finch",
    "b": "Red Robin",
    "c": "Swallow",
    "d": "Baltimore Oriole",
    "answer": "d"
  },
  {
    "question": "The Wasserman test detects the presence of...",
    "a": "Syphilis",
    "b": "Anthrax",
    "c": "Smallpox",
    "d": "Rabies",
    "answer": "a"
  },
  {
    "question": "What's a woofer?",
    "a": "A hi-fi speaker",
    "b": "An earthquake",
    "c": "A type of storm",
    "d": "A sick dog",
    "answer": "a"
  },
  {
    "question": "Which animal has the highest blood pressure?",
    "a": "The giraffe",
    "b": "Man",
    "c": "The rattlesnake",
    "d": "The rabbit",
    "answer": "a"
  },
  {
    "question": "What type of whale was Moby Dick?",
    "a": "Sperm whale",
    "b": "Humpback whale",
    "c": "Killer whale",
    "d": "Orca whale",
    "answer": "a"
  },
  {
    "question": "How many eyes does a bat have?",
    "a": "2",
    "b": "4",
    "c": "8",
    "d": "0",
    "answer": "a"
  },
  {
    "question": "What animal lives in a lodge?",
    "a": "The moose",
    "b": "The goose",
    "c": "The badger",
    "d": "The beaver",
    "answer": "d"
  },
  {
    "question": "What does an autophobe fear?",
    "a": "Cars",
    "b": "Escalators",
    "c": "Automatic weapons",
    "d": "Himself",
    "answer": "d"
  },
  {
    "question": "What is the fruit of a rose called?",
    "a": "The rosefruit",
    "b": "The bud",
    "c": "The hasp",
    "d": "The hip",
    "answer": "d"
  },
  {
    "question": "What was the first country to legalize abortion (in 1935)?",
    "a": "United States",
    "b": "India",
    "c": "Sweden",
    "d": "Iceland",
    "answer": "d"
  },
  {
    "question": "How long do red blood cells live?",
    "a": "4 hours",
    "b": "4 days",
    "c": "12 days",
    "d": "120 days",
    "answer": "d"
  },
  {
    "question": "How often are the brain cells replaced?",
    "a": "Every 30 seconds",
    "b": "Every 2 minutes",
    "c": "Every 2 hours",
    "d": "Never",
    "answer": "d"
  },
  {
    "question": "What is the chemical name for common table salt?",
    "a": "C02",
    "b": "AuH20",
    "c": "NaCl",
    "d": "MsG",
    "answer": "c"
  },
  {
    "question": "What is the anatomical term for the voice box?",
    "a": "The tonsils",
    "b": "The larynx",
    "c": "The trachea",
    "d": "The esophagus",
    "answer": "b"
  },
  {
    "question": "What is the shape of a camel's spine?",
    "a": "Parabolic",
    "b": "Elliptical",
    "c": "Right angle",
    "d": "Straight",
    "answer": "d"
  },
  {
    "question": "What direction do the best beaches for surfing face?",
    "a": "North",
    "b": "South",
    "c": "East",
    "d": "West",
    "answer": "d"
  },
  {
    "question": "Where are the Islands of Langerhans located?",
    "a": "The Bering Strait",
    "b": "The moon",
    "c": "Dogs ears",
    "d": "Human pancreas",
    "answer": "d"
  },
  {
    "question": "How frequently is the image on a TV screen redrawn?",
    "a": "3 times a second",
    "b": "60 times a second",
    "c": "30 times a second",
    "d": "600 times a second",
    "answer": "c"
  },
  {
    "question": "What part of the body is inflamed in hepatitis?",
    "a": "The eyes",
    "b": "The skin",
    "c": "The liver",
    "d": "The kidneys",
    "answer": "c"
  },
  {
    "question": "What has a wingspread wider than a DC-9 and weighs less than 70 lbs?",
    "a": "Pterodactyl",
    "b": "Dirigible",
    "c": "Gossamer Condor",
    "d": "Saltwater Shrewbird",
    "answer": "c"
  },
  {
    "question": "How much fish does the average beaver eat in one year?",
    "a": "100 lbs.",
    "b": "250 lbs.",
    "c": "500 lbs.",
    "d": "None",
    "answer": "d"
  },
  {
    "question": "The skin of what fish was once sold as sandpaper?",
    "a": "The blowfish",
    "b": "The roughsider",
    "c": "The minnow",
    "d": "The shark",
    "answer": "d"
  },
  {
    "question": "What is the oldest and most numerous class of animals?",
    "a": "Man",
    "b": "Reptiles",
    "c": "Amphibians",
    "d": "Insects",
    "answer": "d"
  },
  {
    "question": "What's the curved line between any 2 points on a circle called?",
    "a": "A radius",
    "b": "A circumference",
    "c": "An arc",
    "d": "An angle",
    "answer": "c"
  },
  {
    "question": "What was the first living creature to orbit the earth?",
    "a": "Man",
    "b": "Monkey",
    "c": "Chimpanzee",
    "d": "Dog",
    "answer": "d"
  },
  {
    "question": "What are walrus tusks made of?",
    "a": "Hair",
    "b": "Cartilage",
    "c": "Bone",
    "d": "Ivory",
    "answer": "d"
  },
  {
    "question": "Where in a tree does photosynthesis occur?",
    "a": "The stalks",
    "b": "The leaves",
    "c": "The flowers",
    "d": "The roots",
    "answer": "b"
  },
  {
    "question": "What sailor's disease resulted from a lack of vitamin C?",
    "a": "Malaria",
    "b": "Typhoid",
    "c": "Anorexia",
    "d": "Scurvy",
    "answer": "d"
  },
  {
    "question": "90 percent of all species that have become extinct have been...",
    "a": "Fish",
    "b": "Reptiles",
    "c": "Insects",
    "d": "Birds",
    "answer": "d"
  },
  {
    "question": "What's the common name for hydrogen hydroxide?",
    "a": "Dry ice",
    "b": "Jet fuel",
    "c": "Air",
    "d": "Water",
    "answer": "d"
  },
  {
    "question": "How many time zones are there on the face of the earth?",
    "a": "4",
    "b": "12",
    "c": "16",
    "d": "24",
    "answer": "d"
  },
  {
    "question": "How many feet are there in a fathom?",
    "a": "3",
    "b": "6",
    "c": "9",
    "d": "18",
    "answer": "b"
  },
  {
    "question": "What land mammal holds the record for longevity?",
    "a": "The tortoise",
    "b": "The elephant",
    "c": "Man",
    "d": "The rhinoceros",
    "answer": "c"
  },
  {
    "question": "How many pairs of chromosones does a normal human have?",
    "a": "2",
    "b": "3",
    "c": "23",
    "d": "33",
    "answer": "c"
  },
  {
    "question": "What element is represented by the chemical symbol Pb?",
    "a": "Potassium",
    "b": "Poundillium",
    "c": "Lithium",
    "d": "Lead",
    "answer": "d"
  },
  {
    "question": "How did Orville Wright die?",
    "a": "Old age",
    "b": "Shot by Wilbur",
    "c": "Plane crash",
    "d": "Polio",
    "answer": "c"
  },
  {
    "question": "Which of these is referred to as the \"Sunshine Vitamin\"?",
    "a": "Vitamin A",
    "b": "Vitamin B",
    "c": "Vitamin C",
    "d": "Vitamin D",
    "answer": "d"
  },
  {
    "question": "How long does it take for light to travel from the sun to the earth?",
    "a": "8 minutes",
    "b": "28 minutes",
    "c": "58 minutes",
    "d": "1 hour, 8 minutes",
    "answer": "a"
  },
  {
    "question": "What was the first U.S. satellite?",
    "a": "Telstar",
    "b": "Explorer",
    "c": "Sputnik",
    "d": "Friendship",
    "answer": "b"
  },
  {
    "question": "Which of these is not a class of rock?",
    "a": "Igneous",
    "b": "Metamorphic",
    "c": "Ectamorphic",
    "d": "Sedimentary",
    "answer": "c"
  },
  {
    "question": "Who performed the first successful heart transplant?",
    "a": "Christian Barnard",
    "b": "William Shockley",
    "c": "Barney Stone",
    "d": "Gilbert Wright",
    "answer": "a"
  },
  {
    "question": "What's the heaviest land bird in North America?",
    "a": "The ostrich",
    "b": "The condor",
    "c": "The flamingo",
    "d": "The wild turkey",
    "answer": "d"
  },
  {
    "question": "What statistically is the safest age of life?",
    "a": "10 years old",
    "b": "35 years old",
    "c": "2 years old",
    "d": "17 years old",
    "answer": "a"
  },
  {
    "question": "What's the number one killer in industrialized countries?",
    "a": "Cancer",
    "b": "Heart disease",
    "c": "Lung disease",
    "d": "Auto accidents",
    "answer": "b"
  },
  {
    "question": "Where would you find the Medula Oblongata?",
    "a": "The Louvre, Paris",
    "b": "The moon",
    "c": "Inside your leg",
    "d": "In the brain",
    "answer": "d"
  },
  {
    "question": "What is the escape velocity from the earth's gravity?",
    "a": "5,000 mph",
    "b": "10,000 mph",
    "c": "25,000 mph",
    "d": "50,000 mph",
    "answer": "c"
  },
  {
    "question": "Cave growths which hang from the ceiling are called...",
    "a": "Stalagmites",
    "b": "Stalactites",
    "c": "Fungible Socage",
    "d": "Metamorphic Miasma",
    "answer": "b"
  },
  {
    "question": "What's the common term for an organic catalyst?",
    "a": "A protein",
    "b": "A calorie",
    "c": "An enzyme",
    "d": "A carbohydrate",
    "answer": "c"
  },
  {
    "question": "Which of these does natural vanilla flavoring come from?",
    "a": "Vanillin plant",
    "b": "Palm tree",
    "c": "Hickory tree",
    "d": "Orchid plant",
    "answer": "d"
  },
  {
    "question": "What order of insects contains the most species?",
    "a": "Bees",
    "b": "Ants",
    "c": "Beetles",
    "d": "Spiders",
    "answer": "c"
  },
  {
    "question": "What is a mandrill?",
    "a": "A Monkey",
    "b": "An Orangutang",
    "c": "A Gorilla",
    "d": "A Baboon",
    "answer": "d"
  },
  {
    "question": "What's the most widely eaten fruit in America?",
    "a": "Apples",
    "b": "Oranges",
    "c": "Grapes",
    "d": "Bananas",
    "answer": "d"
  },
  {
    "question": "What does a dipsomaniac crave?",
    "a": "Disco music",
    "b": "Chocolate",
    "c": "Sleep",
    "d": "Alcohol",
    "answer": "d"
  },
  {
    "question": "What's the world's largest chemical company?",
    "a": "Dow Chemical",
    "b": "Stauffer's Chemical",
    "c": "Phizer Chemical",
    "d": "DuPont Chemical",
    "answer": "d"
  },
  {
    "question": "What do you get when you order sweetbreads in a restaurant?",
    "a": "Pig brains",
    "b": "Cow glands",
    "c": "Pastry",
    "d": "Candied Ox dropping",
    "answer": "b"
  },
  {
    "question": "What's the only man-mad structure visible from space?",
    "a": "The Eiffel Tower",
    "b": "The Aswan Dam",
    "c": "Golden Gate Bridge",
    "d": "Great Wall of China",
    "answer": "d"
  },
  {
    "question": "What color is diamond dust?",
    "a": "Clear",
    "b": "White",
    "c": "Black",
    "d": "Blue",
    "answer": "c"
  },
  {
    "question": "Who discovered the rings of Saturn?",
    "a": "Copernicus",
    "b": "Isaac Newton",
    "c": "Tycho Brahe",
    "d": "Galileo",
    "answer": "d"
  },
  {
    "question": "How long does it take the moon to revolve around the earth?",
    "a": "1 month",
    "b": "1 year",
    "c": "27 days",
    "d": "It never does.",
    "answer": "c"
  },
  {
    "question": "In the Octal numbering system, which two numerals are not used?",
    "a": "9 and 10",
    "b": "9 and 0",
    "c": "8 and 9",
    "d": "A through F",
    "answer": "c"
  },
  {
    "question": "Which of the five senses develops first?",
    "a": "Smell",
    "b": "Touch",
    "c": "Eyesight",
    "d": "Taste",
    "answer": "a"
  },
  {
    "question": "What is the chemical symbol for the element Potassium?",
    "a": "Na",
    "b": "Po",
    "c": "Pt",
    "d": "K",
    "answer": "d"
  },
  {
    "question": "What's the common name for the constellation Ursa Major?",
    "a": "Orion",
    "b": "The Big Dipper",
    "c": "Leo",
    "d": "Sagitarrius",
    "answer": "b"
  },
  {
    "question": "What is dilute acetic acid?",
    "a": "Aspirin",
    "b": "Vinegar",
    "c": "Vitamin C",
    "d": "Vitamin D",
    "answer": "b"
  },
  {
    "question": "What's 550 times sweeter than cane sugar?",
    "a": "Beet sugar",
    "b": "Cyclamates",
    "c": "Saccharin",
    "d": "Molasses",
    "answer": "c"
  },
  {
    "question": "What animal lives at the highest altitude?",
    "a": "The yak",
    "b": "The mountain goat",
    "c": "The bald eagle",
    "d": "The rattlesnake",
    "answer": "a"
  },
  {
    "question": "What is a California Long White?",
    "a": "A shark",
    "b": "A wine",
    "c": "A grape",
    "d": "A potato",
    "answer": "d"
  },
  {
    "question": "Celluloid was developed in an attempt to make a better...",
    "a": "Paper",
    "b": "House frame",
    "c": "Billiard ball",
    "d": "Toy airplane",
    "answer": "c"
  },
  {
    "question": "How many pecks are in a bushel?",
    "a": "2",
    "b": "4",
    "c": "8",
    "d": "12",
    "answer": "b"
  },
  {
    "question": "What is the primary flavoring in root beer?",
    "a": "Cola",
    "b": "Sasparilla",
    "c": "Sassafras",
    "d": "Maple syrup",
    "answer": "c"
  },
  {
    "question": "What are the front cutting teeth called?",
    "a": "The molars",
    "b": "The wisdom teeth",
    "c": "The incisors",
    "d": "The buck teeth",
    "answer": "c"
  },
  {
    "question": "What percentage of the earth's water is drinkable?",
    "a": "50 percent",
    "b": "20 percent",
    "c": "10 percent",
    "d": "1 percent",
    "answer": "d"
  },
  {
    "question": "What does a meteorologist study?",
    "a": "Meteors",
    "b": "Asteroids",
    "c": "Falling Stars",
    "d": "Weather",
    "answer": "d"
  },
  {
    "question": "Who invented the cotton gin?",
    "a": "Gilbeys",
    "b": "Elias Howe",
    "c": "Eli Whitney",
    "d": "Levi Straus",
    "answer": "c"
  },
  {
    "question": "What is a scarab?",
    "a": "An Egyptian idol",
    "b": "A beetle",
    "c": "A jewelry item",
    "d": "All of the above",
    "answer": "d"
  },
  {
    "question": "Of all species that ever existed, what percentage are now extinct?",
    "a": "9 percent",
    "b": "29 percent",
    "c": "59 percent",
    "d": "99 percent",
    "answer": "d"
  },
  {
    "question": "What's the main ingredient in Coca Cola, after water?",
    "a": "Cola beans",
    "b": "Sugar",
    "c": "Caffeine",
    "d": "Caramel",
    "answer": "b"
  },
  {
    "question": "Which of these colors DOES NOT form the picture on a color television?",
    "a": "Red",
    "b": "Yellow",
    "c": "Blue",
    "d": "Green",
    "answer": "b"
  },
  {
    "question": "What are PL-1, Ada, and Apl?",
    "a": "Computers",
    "b": "Computer Games",
    "c": "Computer Languages",
    "d": "None of the above",
    "answer": "c"
  },
  {
    "question": "In which state did the Wright Bros. make their historic first flight?",
    "a": "South Carolina",
    "b": "West Virginia",
    "c": "Virginia",
    "d": "North Carolina",
    "answer": "d"
  },
  {
    "question": "What is the belt of low-pressure around the equator called?",
    "a": "The Van Allen Belt",
    "b": "Horse Lattitudes",
    "c": "Torpic of Cancer",
    "d": "The Doldrums",
    "answer": "d"
  },
  {
    "question": "According to Aristotle's mistaken belief, blood cooled which organ?",
    "a": "The heart",
    "b": "The brain",
    "c": "The skin",
    "d": "The kidneys",
    "answer": "b"
  },
  {
    "question": "On which planet did Viking I land?",
    "a": "Mars",
    "b": "Jupiter",
    "c": "Venus",
    "d": "Saturn",
    "answer": "a"
  },
  {
    "question": "The women's brassiere was invented by which of these men?",
    "a": "Jacques Brassiere",
    "b": "Otto Titzling",
    "c": "Jonathan Maidenform",
    "d": "Henry Villager",
    "answer": "b"
  },
  {
    "question": "Lanolin comes from...",
    "a": "The fleece of sheep",
    "b": "Flax",
    "c": "Petroleum",
    "d": "Linseed Oil",
    "answer": "a"
  },
  {
    "question": "What's another name for the yellow poplar tree?",
    "a": "Tulip",
    "b": "Gardenia",
    "c": "Dandelion",
    "d": "Marigold",
    "answer": "a"
  },
  {
    "question": "Name the phenomonon which makes a moving train whistle change pitch:",
    "a": "The Heimlich Effect",
    "b": "The Doppler Effect",
    "c": "The Sonic Paradox",
    "d": "The Aural Illusion",
    "answer": "b"
  },
  {
    "question": "How many astronauts manned each of the manned Gemini flights?",
    "a": "1",
    "b": "2",
    "c": "3",
    "d": "4",
    "answer": "b"
  },
  {
    "question": "What is the favorite food of dragon flies?",
    "a": "Mosquitos",
    "b": "House flies",
    "c": "Ants",
    "d": "Fungus",
    "answer": "a"
  },
  {
    "question": "What are 2 people who are both monozygotic?",
    "a": "Siamese twins",
    "b": "Identical twins",
    "c": "Test tube babies",
    "d": "Single celled",
    "answer": "b"
  },
  {
    "question": "Name one thing that a kangaroo NEVER DOES...",
    "a": "Eat food",
    "b": "Drink water",
    "c": "Sleep",
    "d": "Exhale",
    "answer": "b"
  },
  {
    "question": "What are cilia?",
    "a": "Geese",
    "b": "Tiny hairs",
    "c": "Ant feet",
    "d": "Virulent diseases",
    "answer": "b"
  },
  {
    "question": "What does a pluviometer measure?",
    "a": "Water pressure",
    "b": "Snowfall",
    "c": "Radioactive Fallout",
    "d": "Rainfall",
    "answer": "d"
  },
  {
    "question": "What was the first domesticated bird?",
    "a": "Turkey",
    "b": "Chicken",
    "c": "Parrot",
    "d": "Goose",
    "answer": "d"
  },
  {
    "question": "What's the fahrenheit equivalent of 100 degrees, Centigrade?",
    "a": "451",
    "b": "100",
    "c": "212",
    "d": "0",
    "answer": "c"
  },
  {
    "question": "Where are the convulsions of Broca?",
    "a": "The lungs",
    "b": "The brain",
    "c": "The limbs",
    "d": "The stomach",
    "answer": "b"
  },
  {
    "question": "What country did Skylab hit on its re-entry to the earth?",
    "a": "Russia",
    "b": "New Zealand",
    "c": "New Guinea",
    "d": "Australia",
    "answer": "d"
  },
  {
    "question": "Where would you find Cassiopeia?",
    "a": "Ocean floor",
    "b": "The moon",
    "c": "The Northern sky",
    "d": "Off the Greek coast",
    "answer": "c"
  },
  {
    "question": "Who was the first man to RETURN to space?",
    "a": "Alan Shephard",
    "b": "Virgil Grissom",
    "c": "Neil Armstrong",
    "d": "Buzz Aldrin",
    "answer": "b"
  },
  {
    "question": "Which of these IS NOT associated with Benjamin Franklin?",
    "a": "Bi-focal lenses",
    "b": "Daylight Savings",
    "c": "Electrical storms",
    "d": "Printing Press",
    "answer": "d"
  },
  {
    "question": "How many muscles are there in an elephant's trunk?",
    "a": "40",
    "b": "400",
    "c": "4,000",
    "d": "40,000",
    "answer": "d"
  },
  {
    "question": "In Vostak, Antartica, the mean temperature in fahrenheit degrees:",
    "a": "-118",
    "b": "-72",
    "c": "-38",
    "d": "-5",
    "answer": "b"
  },
  {
    "question": "Where would you find The Great Red Spot?",
    "a": "The Red Sea",
    "b": "The moon",
    "c": "Mars",
    "d": "Jupiter",
    "answer": "d"
  },
  {
    "question": "What fraction of the earth's gravity is the moon's?",
    "a": "One half",
    "b": "One third",
    "c": "One fourth",
    "d": "One sixth",
    "answer": "d"
  },
  {
    "question": "What's a row of crows called?",
    "a": "A crowrow",
    "b": "A murder",
    "c": "A pride",
    "d": "A crop",
    "answer": "b"
  },
  {
    "question": "What prints are used by breeders to identify dogs?",
    "a": "Paw",
    "b": "Tongue",
    "c": "Ear",
    "d": "Nose",
    "answer": "d"
  },
  {
    "question": "What's the strongest muscle in the human body?",
    "a": "The heart",
    "b": "The tongue",
    "c": "The bicep",
    "d": "The tricep",
    "answer": "b"
  },
  {
    "question": "What does a panophobe fear?",
    "a": "Everything",
    "b": "Nothing",
    "c": "Pots and pans",
    "d": "Foreign countries",
    "answer": "a"
  },
  {
    "question": "Which heavenly body actually has the most influence on the tides?",
    "a": "The moon",
    "b": "The sun",
    "c": "Mars",
    "d": "Venus",
    "answer": "a"
  },
  {
    "question": "What product's secret ingredient is known only as \"7-X\"?",
    "a": "Seven Up",
    "b": "Coca Cola",
    "c": "Big Mac",
    "d": "Pepsi Cola",
    "answer": "b"
  },
  {
    "question": "What are the high-speed winds at 20,000 to 40,000 feet known as?",
    "a": "The High Winds",
    "b": "The Jet Winds",
    "c": "The Gulf Stream",
    "d": "The Jet Stream",
    "answer": "d"
  },
  {
    "question": "What's the most extensively grown and eaten food?",
    "a": "Wheat",
    "b": "Rice",
    "c": "Corn",
    "d": "Soy",
    "answer": "a"
  },
  {
    "question": "What do nictitating women do to men?",
    "a": "Wink",
    "b": "Run from them",
    "c": "Bite",
    "d": "Reject",
    "answer": "a"
  },
  {
    "question": "Who is called the Father of the H-Bomb?",
    "a": "Albert Einstein",
    "b": "Edward Teller",
    "c": "Enrico Fermi",
    "d": "Werner Von Braun",
    "answer": "b"
  },
  {
    "question": "Which is NOT a unit or energy?",
    "a": "The erg",
    "b": "The Joule",
    "c": "The BTU",
    "d": "The Watt",
    "answer": "d"
  },
  {
    "question": "Where is the Sea of Showers?",
    "a": "Off the Greek coast",
    "b": "On the moon",
    "c": "In Minnasota",
    "d": "In Washington, D.C.",
    "answer": "b"
  },
  {
    "question": "How far does a single hydrogen atom travel in one second?",
    "a": "Over 1000 miles",
    "b": "About 200 miles",
    "c": "At most, 1000 feet",
    "d": "None at all",
    "answer": "a"
  },
  {
    "question": "What is a baby rooster called?",
    "a": "A Cocquette",
    "b": "A Cockette",
    "c": "A Cockadoodaloo",
    "d": "A Cockerel",
    "answer": "d"
  },
  {
    "question": "How many varieties of penguin are there?",
    "a": "Only 1",
    "b": "2",
    "c": "7",
    "d": "17",
    "answer": "d"
  },
  {
    "question": "What U.S. President actually was an authority on American game animals",
    "a": "Teddy Roosevelt",
    "b": "Lyndon Johnson",
    "c": "Abraham Lincoln",
    "d": "Millard Fillmore",
    "answer": "a"
  },
  {
    "question": "A lunar geologist is also known as:",
    "a": "A Lunologist",
    "b": "A Geolunatist",
    "c": "A Tempetologist",
    "d": "A Selenologist",
    "answer": "d"
  },
  {
    "question": "What is the common name for rice wine?",
    "a": "Sake",
    "b": "Rice wine",
    "c": "Jitsu",
    "d": "Chintzing",
    "answer": "a"
  },
  {
    "question": "In humans, where does digestion of carbohydrates take place?",
    "a": "The stomach",
    "b": "The mouth",
    "c": "The small intestine",
    "d": "The big intestine",
    "answer": "b"
  },
  {
    "question": "Bird Nest Soup is actually made from which of these?",
    "a": "Bird nests",
    "b": "Chineese flowers",
    "c": "Kelp deposits",
    "d": "Eggs",
    "answer": "a"
  },
  {
    "question": "What fruit is the cross between a tangerine and a grapefruit?",
    "a": "Pomegranite",
    "b": "Tangelo",
    "c": "Graperine",
    "d": "Granny Smith Pear",
    "answer": "b"
  },
  {
    "question": "An altimeter measures what?",
    "a": "Volts",
    "b": "Amplitude",
    "c": "Altitude",
    "d": "Amperes",
    "answer": "c"
  },
  {
    "question": "What fraction of an iceberg actually sticks up above water?",
    "a": "1/16",
    "b": "1/9",
    "c": "1/5",
    "d": "1/3",
    "answer": "b"
  },
  {
    "question": "What did Wilhelm Roentgen discover in 1895?",
    "a": "X-rays",
    "b": "Pluto",
    "c": "Jupiter's moons",
    "d": "Uranium",
    "answer": "a"
  },
  {
    "question": "Who invented the mimeograph?",
    "a": "John H. Xerox",
    "b": "Steven P. Canon",
    "c": "Toshiro G. Minolta",
    "d": "Alfred B. Dick",
    "answer": "d"
  },
  {
    "question": "Who is credited with developing the Geodesic Dome?",
    "a": "Frank Lloyd Wright",
    "b": "Buckminster Fuller",
    "c": "Christopher Wren",
    "d": "Austin Richardson",
    "answer": "b"
  },
  {
    "question": "How many yards are there in a mile?",
    "a": "5280",
    "b": "4320",
    "c": "1760",
    "d": "932",
    "answer": "c"
  },
  {
    "question": "Who said \"Everything comes to him who hustles while he waits\"?",
    "a": "Pete Rose",
    "b": "B.F. Skinner",
    "c": "Dr. Benjamin Spock",
    "d": "Thomas Edison",
    "answer": "d"
  },
  {
    "question": "Name the bird that puts its eggs into the nests of other birds:",
    "a": "The Cuckoo",
    "b": "The Thieving Magpie",
    "c": "The Dodo Bird",
    "d": "The Dumb Finch",
    "answer": "a"
  },
  {
    "question": "How is the decimal number 14 represented in hexidecimal?",
    "a": "20",
    "b": "E",
    "c": "14h",
    "d": "20h",
    "answer": "b"
  },
  {
    "question": "The most pollution-free source of energy is...",
    "a": "Nuclear power",
    "b": "Natural gas",
    "c": "Coal",
    "d": "Solar",
    "answer": "d"
  },
  {
    "question": "Chemical substances which end in the suffix \"ase\" are...",
    "a": "Carbohydrates",
    "b": "Enzymes",
    "c": "Glycerols",
    "d": "Sugars",
    "answer": "b"
  },
  {
    "question": "Linen is made from...",
    "a": "Flax",
    "b": "The fleece of sheep",
    "c": "Cotton",
    "d": "The Denim plant",
    "answer": "a"
  },
  {
    "question": "How often does a hummingbird go into hibernation?",
    "a": "Once a night",
    "b": "Three times a night",
    "c": "Twice a night",
    "d": "Once every 4 weeks",
    "answer": "a"
  },
  {
    "question": "The human brain is composed of how much water?",
    "a": "80 percent",
    "b": "Less than 10 %",
    "c": "25 percent",
    "d": "40 percent",
    "answer": "a"
  },
  {
    "question": "What is the head of a comet called?",
    "a": "The tail",
    "b": "The coma",
    "c": "The ice",
    "d": "The soleil",
    "answer": "b"
  },
  {
    "question": "What does a protractor measure?",
    "a": "Delay",
    "b": "Time",
    "c": "Water Depth",
    "d": "Angles",
    "answer": "d"
  },
  {
    "question": "Rubik's Cube, with 27 pieces, has how many possible combinations?",
    "a": "26.5 billion",
    "b": "95.4 quadrillion",
    "c": "42.3 quintillion",
    "d": "729 septillion",
    "answer": "c"
  },
  {
    "question": "Death Cap poisoning results from eating...",
    "a": "An almond pit",
    "b": "A mushroom",
    "c": "Stale rye bread",
    "d": "Certain leaves",
    "answer": "b"
  },
  {
    "question": "\"St. Anthony's Fire\" is thought to have resulted from eating...",
    "a": "An almond pit",
    "b": "A mushroom",
    "c": "Stale rye bread",
    "d": "Certain leaves",
    "answer": "c"
  },
  {
    "question": "China was the discovered site of whose famous 4000 year old remains",
    "a": "Atilla the Hun",
    "b": "Emperor Hua Ming",
    "c": "The Missing Link",
    "d": "Peking Man",
    "answer": "d"
  },
  {
    "question": "What era do we currently live in?",
    "a": "The Paleolithic",
    "b": "The Cenozoic",
    "c": "The Paleantopic",
    "d": "The Messozoic",
    "answer": "b"
  },
  {
    "question": "Which whale has teeth?",
    "a": "The sperm whale",
    "b": "The killer whale",
    "c": "The humpback whale",
    "d": "The orca whale",
    "answer": "a"
  },
  {
    "question": "Which of the following IS NOT a meteor shower?",
    "a": "Geminids",
    "b": "Perseids",
    "c": "Leonids",
    "d": "Kohoutek",
    "answer": "d"
  },
  {
    "question": "Which insects communicate with each other through distinctive dances?",
    "a": "Preying mantis",
    "b": "Ants",
    "c": "Bees",
    "d": "Crickets",
    "answer": "c"
  },
  {
    "question": "Which country HAS NOT had a Cosmonaut in space?",
    "a": "U.S.S.R.",
    "b": "Yugoslavia",
    "c": "Cuba",
    "d": "Viet Nam",
    "answer": "b"
  },
  {
    "question": "What happened on Bikini Island in 1954 that shook the world?",
    "a": "Major earthquake",
    "b": "1st Atom Bomb blast",
    "c": "1st H-Bomb blast",
    "d": "1st atom smashing",
    "answer": "c"
  },
  {
    "question": "What strikes the Empire State Building more than 50 times a year",
    "a": "Birds",
    "b": "Airplanes",
    "c": "Satellite fragments",
    "d": "Lightning",
    "answer": "d"
  },
  {
    "question": "What's the brightest planet seen from Earth?",
    "a": "Venus",
    "b": "Jupiter",
    "c": "Mars",
    "d": "Can't see any",
    "answer": "a"
  },
  {
    "question": "What are the \"cool\" areas of the sun called?",
    "a": "The corona",
    "b": "Prominences",
    "c": "Flareups",
    "d": "Sun Spots",
    "answer": "d"
  },
  {
    "question": "What is \"The Star of Africa\"?",
    "a": "A diamond",
    "b": "An emerald",
    "c": "A Ruby",
    "d": "A Sapphire",
    "answer": "a"
  },
  {
    "question": "Which of the following IS NOT a unit of force?",
    "a": "A Newton",
    "b": "An erg",
    "c": "A dyne",
    "d": "A pound",
    "answer": "b"
  },
  {
    "question": "Which of these IS NOT a measure of distance?",
    "a": "An Angstrom",
    "b": "A fermi",
    "c": "A parsec",
    "d": "A lunar year",
    "answer": "d"
  },
  {
    "question": "The Portugese Man O' War is...",
    "a": "A thoroughbred",
    "b": "A jellyfish",
    "c": "An electric eel",
    "d": "A type of scorpion",
    "answer": "b"
  },
  {
    "question": "What's the largest cat in America?",
    "a": "The tabby",
    "b": "The mountain lion",
    "c": "The jaguar",
    "d": "The cougar",
    "answer": "c"
  },
  {
    "question": "What 2 months have Equinoxes?",
    "a": "March & September",
    "b": "June & September",
    "c": "January & July",
    "d": "June & October",
    "answer": "a"
  },
  {
    "question": "The Tropic of Cancer is on which side of the Equator?",
    "a": "North",
    "b": "South",
    "c": "Neither",
    "d": "Both",
    "answer": "a"
  },
  {
    "question": "Which of these IS NOT one of the four \"C\"s of diamonds?",
    "a": "Cut",
    "b": "Carat",
    "c": "Class",
    "d": "Color",
    "answer": "c"
  },
  {
    "question": "A googol is...",
    "a": "An african swallow",
    "b": "A lunar rock",
    "c": "A black hole",
    "d": "A number",
    "answer": "d"
  },
  {
    "question": "Which freezes faster, hot water or cold?",
    "a": "Neither",
    "b": "Hot",
    "c": "Cold",
    "d": "Both are the same",
    "answer": "b"
  },
  {
    "question": "In what common appliance would you find a cathode ray tube?",
    "a": "Radio",
    "b": "Refrigerator",
    "c": "Television",
    "d": "Microwave Oven",
    "answer": "c"
  },
  {
    "question": "What appears when the sun activates melanocytes?",
    "a": "Sun spots",
    "b": "Hurricanes",
    "c": "Hair loss",
    "d": "Freckles",
    "answer": "d"
  },
  {
    "question": "What is term for the bending of light rays caused by lenses?",
    "a": "Optical Scanning",
    "b": "Photosynthesis",
    "c": "Reflection",
    "d": "Refraction",
    "answer": "d"
  },
  {
    "question": "A Cerenkov Counter measures...",
    "a": "Very slow particles",
    "b": "Radioactivity",
    "c": "Very fast particles",
    "d": "US-Soviet relations",
    "answer": "c"
  },
  {
    "question": "A four-sided plane figure with only 2 parallel sides is called...",
    "a": "A square",
    "b": "A trapezoid",
    "c": "A pentagon",
    "d": "A parallelogram",
    "answer": "b"
  },
  {
    "question": "How often does a solar eclipse last longer than 8 minutes?",
    "a": "Always",
    "b": "Once every 11 years",
    "c": "Never",
    "d": "Once in 11367 years",
    "answer": "c"
  },
  {
    "question": "Where would you find a corona?",
    "a": "A wide open field",
    "b": "A very tall tree",
    "c": "On the moon",
    "d": "On the sun",
    "answer": "d"
  },
  {
    "question": "What is the opposite of aphelion?",
    "a": "Apogee",
    "b": "Perigee",
    "c": "Perihelion",
    "d": "Neo-aphelion",
    "answer": "c"
  },
  {
    "question": "What part of the world population has an adverse reaction to milk?",
    "a": "30 percent",
    "b": "80 percent",
    "c": "Less than 1 percent",
    "d": "About 50 percent",
    "answer": "b"
  },
  {
    "question": "The lunar landing module piloted by Neil Armstrong in July of 1969 was",
    "a": "The Discovery",
    "b": "The Beagle",
    "c": "The Eagle",
    "d": "The Enterprise",
    "answer": "c"
  },
  {
    "question": "Unlike most substances on earth, this substance expands when frozen",
    "a": "Mercury",
    "b": "Nitrogen",
    "c": "Water",
    "d": "Quicksilver",
    "answer": "c"
  },
  {
    "question": "What is the actual source of Balsa wood?",
    "a": "Balsa trees",
    "b": "Synthetic cellulose",
    "c": "Strafed celluloid",
    "d": "Hybrid Cellulose",
    "answer": "a"
  },
  {
    "question": "What percent of the mass of the entire solar system is the sun's?",
    "a": "About 25 percent",
    "b": "Less than 10 %",
    "c": "More than 99 %",
    "d": "About 50 percent",
    "answer": "c"
  },
  {
    "question": "Who was the sun god of the ancient Egyptians?",
    "a": "Nefertiti",
    "b": "Ra",
    "c": "Apollo",
    "d": "Jove",
    "answer": "b"
  },
  {
    "question": "What's permanently frozen sub-soil known as?",
    "a": "Crust",
    "b": "Mantle",
    "c": "Strata",
    "d": "Permafrost",
    "answer": "d"
  },
  {
    "question": "Bacteria represent what percentage of all living things?",
    "a": "75 percent",
    "b": "Less than 1 percent",
    "c": "More than 99 %",
    "d": "About 10 percent",
    "answer": "a"
  },
  {
    "question": "What is the decimal equivalent of the binary number 101?",
    "a": "5",
    "b": "3",
    "c": "2",
    "d": "101",
    "answer": "a"
  },
  {
    "question": "Which planet is known as \"The Red Planet\"?",
    "a": "Jupiter",
    "b": "Saturn",
    "c": "Mars",
    "d": "Venus",
    "answer": "c"
  },
  {
    "question": "From what creature do the Galapagos Islands take their name?",
    "a": "The beagle",
    "b": "The tortoise",
    "c": "The Galapian Finch",
    "d": "The Galloping Swift",
    "answer": "b"
  },
  {
    "question": "What does a horned toad squirt when it's angry?",
    "a": "Saliva",
    "b": "Blood",
    "c": "Tears",
    "d": "Gastric acid",
    "answer": "b"
  },
  {
    "question": "Albacore is a type of...",
    "a": "Tuna",
    "b": "Marble",
    "c": "Shell-fish",
    "d": "Moon rock",
    "answer": "a"
  },
  {
    "question": "Chewing gum is made from...",
    "a": "Chicle",
    "b": "Denatured rubber",
    "c": "Reconstituted sugar",
    "d": "Celluloid",
    "answer": "a"
  },
  {
    "question": "The Rh factor was named after...",
    "a": "R.H. Milliken",
    "b": "R.H. Teller",
    "c": "A spider",
    "d": "A monkey",
    "answer": "d"
  },
  {
    "question": "What is the name of the science of volcanoes?",
    "a": "Volcanology",
    "b": "Vulcanology",
    "c": "Geology",
    "d": "Eruptology",
    "answer": "a"
  },
  {
    "question": "For which army were canned foods invented?",
    "a": "World War I",
    "b": "World War II",
    "c": "Atilla the Hun's",
    "d": "Napoleon's",
    "answer": "d"
  },
  {
    "question": "Who was the \"Wizard of Menlo Park\"?",
    "a": "Thomas Edison",
    "b": "Steve Wozniak",
    "c": "Dave Packard",
    "d": "Buckminster Fuller",
    "answer": "a"
  },
  {
    "question": "What bird is the offspring of a cob and a pen?",
    "a": "A cobpen",
    "b": "A penguin",
    "c": "A swan",
    "d": "A peacock",
    "answer": "c"
  },
  {
    "question": "Twins occur with what frequency in the United States?",
    "a": "1 out of 10",
    "b": "1 out of 90",
    "c": "1 out of 240",
    "d": "1 out of 1200",
    "answer": "b"
  },
  {
    "question": "How many times thicker than water is blood?",
    "a": "2",
    "b": "4",
    "c": "5",
    "d": "6",
    "answer": "d"
  },
  {
    "question": "What part of an african elephant is larger than an indian elephant's?",
    "a": "The tusks",
    "b": "The ears",
    "c": "The trunk",
    "d": "The tail",
    "answer": "b"
  },
  {
    "question": "How many teaspoons are in one tablespoon?",
    "a": "1",
    "b": "2",
    "c": "3",
    "d": "4",
    "answer": "c"
  },
  {
    "question": "Which of these is not a moon?",
    "a": "Callisto",
    "b": "Ganymede",
    "c": "Titan",
    "d": "Lunatis",
    "answer": "d"
  },
  {
    "question": "How many front toes does a parrot have?",
    "a": "2",
    "b": "3",
    "c": "4",
    "d": "5",
    "answer": "a"
  },
  {
    "question": "Which animal has the longest lifespan in captivity?",
    "a": "The blue whale",
    "b": "The indian elephant",
    "c": "The tortoise",
    "d": "The Rhinoceros",
    "answer": "c"
  },
  {
    "question": "From the pit of which fruit do we get Laetrile?",
    "a": "The peach",
    "b": "The almond",
    "c": "The apricot",
    "d": "The plum",
    "answer": "c"
  },
  {
    "question": "The ratio of plant to animal species is approximately...",
    "a": "2 to 1",
    "b": "10 to 1",
    "c": "1 to 1",
    "d": "5 to 1",
    "answer": "a"
  },
  {
    "question": "What famous star is in The Little Dipper?",
    "a": "Polaris",
    "b": "Rigel",
    "c": "Betelgeuse",
    "d": "Sirius",
    "answer": "a"
  },
  {
    "question": "What's another name for a Wildebeest?",
    "a": "A boar",
    "b": "A gnu",
    "c": "An emu",
    "d": "A jackal",
    "answer": "b"
  },
  {
    "question": "Which of these is NOT a property of sub-atomic particles?",
    "a": "strangeness",
    "b": "charm",
    "c": "color",
    "d": "light-value",
    "answer": "d"
  },
  {
    "question": "Where would you find Cassini's division?",
    "a": "The moon",
    "b": "The rocky mountains",
    "c": "Saturn's rings",
    "d": "San Andres fault",
    "answer": "c"
  },
  {
    "question": "What is the only mammal that can NOT jump?",
    "a": "The elephant",
    "b": "The giraffe",
    "c": "The blue whale",
    "d": "The llama",
    "answer": "a"
  },
  {
    "question": "Which planet's orbit vindicated Einstein's theory of gravity?",
    "a": "Mercury",
    "b": "Earth",
    "c": "Mars",
    "d": "Pluto",
    "answer": "a"
  },
  {
    "question": "What is the oldest known vegetable?",
    "a": "The potato",
    "b": "The pea",
    "c": "The bean",
    "d": "The onion",
    "answer": "b"
  },
  {
    "question": "Steelhead and Rainbow trout are members of which family?",
    "a": "The trout",
    "b": "The salmon",
    "c": "The codfish",
    "d": "The halibut",
    "answer": "b"
  },
  {
    "question": "What is the smallest mammal?",
    "a": "The mouse",
    "b": "The shrew",
    "c": "The mole",
    "d": "The hamster",
    "answer": "b"
  },
  {
    "question": "Which of these IS NOT an element?",
    "a": "Einsteinium",
    "b": "Californium",
    "c": "Neptunium",
    "d": "Serotonium",
    "answer": "d"
  },
  {
    "question": "How many varieties are there of rice?",
    "a": "Only 1",
    "b": "2",
    "c": "Over 100,000",
    "d": "About 15,000",
    "answer": "d"
  },
  {
    "question": "With what human activity are REM's associated?",
    "a": "With eating",
    "b": "With drinking",
    "c": "With walking",
    "d": "With sleeping",
    "answer": "d"
  },
  {
    "question": "Which of these planets does not have known rings?",
    "a": "Jupiter",
    "b": "Mars",
    "c": "Saturn",
    "d": "Uranus",
    "answer": "b"
  },
  {
    "question": "Americans receive the most amount of radiation from which of these?",
    "a": "Television",
    "b": "Computers",
    "c": "Nuclear reactors",
    "d": "X-rays",
    "answer": "d"
  },
  {
    "question": "Where would you find a Mercator Projection?",
    "a": "In a theatre",
    "b": "On a microscope",
    "c": "On a map",
    "d": "On a fault line",
    "answer": "c"
  },
  {
    "question": "Which of these \"Bears\" actually IS a bear?",
    "a": "Koala bear",
    "b": "Panda bear",
    "c": "Ursa Major",
    "d": "Polar bear",
    "answer": "d"
  },
  {
    "question": "Who built the \"Spruce Goose\"?",
    "a": "The Wright brothers",
    "b": "Eddie Rickenbacker",
    "c": "Frank Borman",
    "d": "Howard Hughes",
    "answer": "d"
  },
  {
    "question": "For a given perimeter length, which shape has the greatest area?",
    "a": "Circle",
    "b": "Square",
    "c": "Cycloid",
    "d": "None-all the same",
    "answer": "a"
  },
  {
    "question": "Dolphins are...",
    "a": "Fish",
    "b": "Mammals",
    "c": "neither A or B",
    "d": "both A and B",
    "answer": "d"
  },
  {
    "question": "How many Viking spacecraft have landed on Mars?",
    "a": "1",
    "b": "2",
    "c": "3",
    "d": "4",
    "answer": "b"
  },
  {
    "question": "What is the gestation period of an elephant?",
    "a": "9 months",
    "b": "15 months",
    "c": "18 months",
    "d": "21 months",
    "answer": "d"
  },
  {
    "question": "What vegetable yields the most pounds of produce per acre?",
    "a": "Cabbage",
    "b": "Potato",
    "c": "Onion",
    "d": "Corn",
    "answer": "a"
  },
  {
    "question": "Which of the following IS NOT an element?",
    "a": "Antimony",
    "b": "Serium",
    "c": "Absydian",
    "d": "Dysprosium",
    "answer": "c"
  },
  {
    "question": "What is the lifespan of a trout?",
    "a": "1 year",
    "b": "2 year",
    "c": "3 year",
    "d": "4 year",
    "answer": "d"
  },
  {
    "question": "Which animal is referred to as Nanook in the Eskimo tongue?",
    "a": "Walrus",
    "b": "Polar bear",
    "c": "Whale",
    "d": "Seal",
    "answer": "b"
  },
  {
    "question": "Which of these IS NOT a book by Carl Sagan?",
    "a": "Broca's Brain",
    "b": "The Dragons of Eden",
    "c": "Cosmos",
    "d": "Murmurs of Mars",
    "answer": "d"
  },
  {
    "question": "In measuring the brightness of stars, which is the brightest?",
    "a": "Magnitude 0",
    "b": "Magnitude 1.5",
    "c": "Magnitude 3",
    "d": "Magnitude 5",
    "answer": "a"
  },
  {
    "question": "Which of these DOES NOT have an observatory associated with it?",
    "a": "Kitt Peak",
    "b": "Mt. Palomar",
    "c": "Mt. Hamilton",
    "d": "Mt. Rushmore",
    "answer": "d"
  },
  {
    "question": "In the mountains, trees will not grow above this boundary:",
    "a": "The treeline",
    "b": "The timberline",
    "c": "The growthline",
    "d": "The skyline",
    "answer": "b"
  },
  {
    "question": "The chemical symbol for copper is:",
    "a": "Au",
    "b": "Co",
    "c": "Cp",
    "d": "Cu",
    "answer": "d"
  },
  {
    "question": "What is another name for rubella?",
    "a": "Poison Oak",
    "b": "Poison Ivy",
    "c": "Jaundice",
    "d": "German Measles",
    "answer": "d"
  },
  {
    "question": "Who was the first black astronaut in space?",
    "a": "Guion S. Bluford",
    "b": "Gus Grissom",
    "c": "Anatoly Gregenkov",
    "d": "Buster F. Waldrin",
    "answer": "a"
  },
  {
    "question": "What is the final, stable product of the three radioactive series?",
    "a": "Lead",
    "b": "U-235",
    "c": "Ionized water",
    "d": "Harmless dust",
    "answer": "a"
  },
  {
    "question": "A bamboo plant is capable of growing, in one entire day:",
    "a": "Less than 1/10 inch",
    "b": "About an inch",
    "c": "About a foot",
    "d": "About 36 inches",
    "answer": "d"
  },
  {
    "question": "What is the nominal voltage of most flashlight batteries?",
    "a": "1 volt",
    "b": "1.5 volts",
    "c": "9 volts",
    "d": "12 volts",
    "answer": "b"
  },
  {
    "question": "What technique is usually used to show pictures of a fetus in a womb",
    "a": "Ultrasound",
    "b": "Infrared",
    "c": "X-ray",
    "d": "Cat Scan",
    "answer": "a"
  },
  {
    "question": "What's the largest crew ever to fly in a manned U.S. space mission?",
    "a": "4",
    "b": "5",
    "c": "6",
    "d": "7",
    "answer": "c"
  },
  {
    "question": "Where would you find penguins?",
    "a": "Near the Artic",
    "b": "Near the Antartic",
    "c": "Only in Siberia",
    "d": "Only in Scandinavia",
    "answer": "b"
  },
  {
    "question": "How many stars are visible in the dark part of a crescent moon?",
    "a": "23",
    "b": "13",
    "c": "3",
    "d": "0",
    "answer": "d"
  },
  {
    "question": "The one distinguishing feature of all organic material is...",
    "a": "Life",
    "b": "Water",
    "c": "Carbon",
    "d": "Oxygen",
    "answer": "c"
  },
  {
    "question": "A human sneeze can generate speeds of up to...",
    "a": "25 miles per hour",
    "b": "100 miles per hour",
    "c": "75 miles per hour",
    "d": "50 miles per hour",
    "answer": "b"
  },
  {
    "question": "Thunderstorms occur most often at what time of the day?",
    "a": "Early morning",
    "b": "Late at night",
    "c": "Mid-afternoon",
    "d": "All hours equally",
    "answer": "c"
  },
  {
    "question": "Alchemists used to try to turn lead into gold. We now know this is...",
    "a": "Impossible",
    "b": "Possible",
    "c": "Done all the time",
    "d": "Never done",
    "answer": "b"
  },
  {
    "question": "How many nybbles are there in one byte?",
    "a": "8",
    "b": "2",
    "c": "4",
    "d": "none",
    "answer": "b"
  },
  {
    "question": "Each eye of a horsefly has how many lenses?",
    "a": "Only 1",
    "b": "700",
    "c": "7000",
    "d": "2",
    "answer": "c"
  },
  {
    "question": "Halley's Comet is next scheduled to appear in...",
    "a": "1984",
    "b": "1985",
    "c": "1986",
    "d": "1987",
    "answer": "c"
  },
  {
    "question": "The tallest living mammal is...",
    "a": "The giraffe",
    "b": "The long-necked emu",
    "c": "The elephant",
    "d": "The wildehorse",
    "answer": "a"
  },
  {
    "question": "With what substance are clouds usually seeded?",
    "a": "Silver iodide",
    "b": "Silver nitrate",
    "c": "Sodium Chloride",
    "d": "Sodium Cumulus",
    "answer": "a"
  },
  {
    "question": "The geiger counter was actually invented by...",
    "a": "Mr. H. Geiger",
    "b": "Thomas Edison",
    "c": "Albert Einstein",
    "d": "An unknown person",
    "answer": "a"
  },
  {
    "question": "The largest radio telescope dish in the world is in...",
    "a": "New Mexico",
    "b": "Mexico City",
    "c": "Puerto Rico",
    "d": "New York City",
    "answer": "c"
  },
  {
    "question": "Which of these IS NOT a computer language?",
    "a": "Pascal",
    "b": "C",
    "c": "Ada",
    "d": "Univac",
    "answer": "d"
  },
  {
    "question": "The best time to observe the stars and heavenly bodies is...",
    "a": "A clear warm night",
    "b": "A clear cool night",
    "c": "Mid afternoon",
    "d": "A cloudy night",
    "answer": "b"
  },
  {
    "question": "\"Homo Sapiens\" means:",
    "a": "Man of Strength",
    "b": "Man of Knowledge",
    "c": "Man of One Kind",
    "d": "Milk Man",
    "answer": "b"
  },
  {
    "question": "An ocean of liquid nitrogen is known to exist...",
    "a": "On Neptune's moon",
    "b": "Nowhere--impossible",
    "c": "On Saturn",
    "d": "On the sun",
    "answer": "a"
  },
  {
    "question": "The word \"Ozone\" is derived from Greek, and translates into...",
    "a": "Atmosphere",
    "b": "Layer",
    "c": "You are here",
    "d": "I smell",
    "answer": "d"
  },
  {
    "question": "Sturgeon eggs are also known as...",
    "a": "Ostrich eggs",
    "b": "Caviar",
    "c": "Salmon eggs",
    "d": "A group of stars",
    "answer": "b"
  },
  {
    "question": "Scientists measure the distance of the moon by bouncing light off...",
    "a": "Its surface",
    "b": "A moon mirror",
    "c": "Mars, then the moon",
    "d": "The sun, then moon",
    "answer": "b"
  },
  {
    "question": "In the human body, which lung is usually larger?",
    "a": "The left",
    "b": "The right",
    "c": "Neither, the same",
    "d": "None of the above",
    "answer": "b"
  },
  {
    "question": "What part of the eye is responsible for color vision?",
    "a": "The rods",
    "b": "The cones",
    "c": "The retina",
    "d": "The iris",
    "answer": "b"
  },
  {
    "question": "An animal that lays eggs is said to be...",
    "a": "Carniverous",
    "b": "Omniverous",
    "c": "Ambidextrous",
    "d": "Oviparous",
    "answer": "d"
  },
  {
    "question": "Which of these is the only mammal that lays eggs?",
    "a": "The crocodile",
    "b": "The ostrich",
    "c": "The platypus",
    "d": "The koala bear",
    "answer": "c"
  },
  {
    "question": "A quasi-stellar object is more commonly known as...",
    "a": "A black hole",
    "b": "A quantum leap",
    "c": "A quark",
    "d": "A quasar",
    "answer": "d"
  },
  {
    "question": "Stars \"twinkle\" because of...",
    "a": "Air turbulence",
    "b": "Undulation",
    "c": "Prominences",
    "d": "Unresolveable light",
    "answer": "a"
  },
  {
    "question": "The first atomic powered submarine was called...",
    "a": "The Enterprise",
    "b": "The Trident",
    "c": "The Nautilus",
    "d": "The Expolorer",
    "answer": "c"
  },
  {
    "question": "Which planet is closest in size to the earth?",
    "a": "Venus",
    "b": "Mercury",
    "c": "Mars",
    "d": "Uranus",
    "answer": "a"
  },
  {
    "question": "What has been observed on Io, seen before only on earth?",
    "a": "Earthquakes",
    "b": "Hurricanes",
    "c": "Volcanoes",
    "d": "Electrical storms",
    "answer": "c"
  },
  {
    "question": "Bees can make 1 pound of honey comb by collecting nectar from...",
    "a": "2 million flowers",
    "b": "2000 flowers",
    "c": "200 flowers",
    "d": "20,000 flowers",
    "answer": "a"
  },
  {
    "question": "What is a more common name for the space term, EVA?",
    "a": "Electrical storms",
    "b": "Entry into zero-g",
    "c": "Retrograde rockets",
    "d": "Space walking",
    "answer": "d"
  },
  {
    "question": "The Van Allen Belts surround...",
    "a": "Mars",
    "b": "Saturn",
    "c": "Earth",
    "d": "The sun",
    "answer": "c"
  },
  {
    "question": "Who has more red blood cells, men or women?",
    "a": "Neither...the same",
    "b": "Men",
    "c": "Women",
    "d": "None of above",
    "answer": "b"
  },
  {
    "question": "What is a characteristic of a \"Nimbus\" cloud?",
    "a": "Rain",
    "b": "Fog",
    "c": "No rain",
    "d": "A or B",
    "answer": "a"
  },
  {
    "question": "What company manufactured the engines for the Concorde?",
    "a": "Boeing",
    "b": "Lockheed",
    "c": "GM",
    "d": "Rolls Royce",
    "answer": "d"
  },
  {
    "question": "Which of these is the largest crustacean?",
    "a": "King Crab",
    "b": "Maine Lobster",
    "c": "Blue Crab",
    "d": "Spider Crab",
    "answer": "d"
  },
  {
    "question": "What were named \"Wanderers\" because of their motion in the sky",
    "a": "Shooting Stars",
    "b": "Planets",
    "c": "Moons",
    "d": "Comets",
    "answer": "b"
  },
  {
    "question": "Which one of the following IS NOT a base for DNA?",
    "a": "Adenine",
    "b": "Thymine",
    "c": "Cytosine",
    "d": "Bytosine",
    "answer": "d"
  },
  {
    "question": "Parchment was made from?",
    "a": "Trees",
    "b": "Grass",
    "c": "Goat skin",
    "d": "Pig skin",
    "answer": "c"
  },
  {
    "question": "Another name for rock salt is?",
    "a": "Halite",
    "b": "Fluorite",
    "c": "Perlite",
    "d": "Pyrite",
    "answer": "a"
  },
  {
    "question": "What part of a wooly mammoth was 16 feet long?",
    "a": "Ears",
    "b": "Trunk",
    "c": "Tail",
    "d": "Tusks",
    "answer": "d"
  },
  {
    "question": "What is the name of decaying organic matter on the forest floor",
    "a": "Fungus",
    "b": "Algae",
    "c": "Peat",
    "d": "Duff",
    "answer": "d"
  },
  {
    "question": "In what season is the Black Widow's venom the LEAST strong?",
    "a": "Spring",
    "b": "Summer",
    "c": "Winter",
    "d": "Fall",
    "answer": "b"
  },
  {
    "question": "Which state is in both the Western and Eastern Hemisphere?",
    "a": "Hawaii",
    "b": "Alaska",
    "c": "Maine",
    "d": "Florida",
    "answer": "b"
  },
  {
    "question": "Who is associated with the concept of Natural Selection?",
    "a": "Adolph Hitler",
    "b": "Wittgenstein",
    "c": "Charles Darwin",
    "d": "Issac Newton",
    "answer": "c"
  },
  {
    "question": "The difference between a meteor and a meteorite is that a meteorite...",
    "a": "Is smaller",
    "b": "Has hit the earth",
    "c": "Contains iron",
    "d": "Leaves a crater",
    "answer": "b"
  },
  {
    "question": "Which is the fifth planet from the sun?",
    "a": "Mars",
    "b": "Jupiter",
    "c": "Saturn",
    "d": "Uranus",
    "answer": "b"
  },
  {
    "question": "What is nitroglycerin?",
    "a": "A heart medicine",
    "b": "An explosive",
    "c": "Neither of the two",
    "d": "Both of the above",
    "answer": "d"
  },
  {
    "question": "Which of the following IS NOT a part of a telescope?",
    "a": "A Lens",
    "b": "A Mirror",
    "c": "A clock drive",
    "d": "A bi-polar grind",
    "answer": "d"
  }
]
