[
  {
    "question": "What stadium hosted the first night baseball game in the major leagues",
    "a": "Crosley Field",
    "b": "Fenway Park",
    "c": "Candlestick Park",
    "d": "Yankee Stadium",
    "answer": "a"
  },
  {
    "question": "Which was the first foreign country to open its own \"Disneyland\"?",
    "a": "Canada",
    "b": "Australia",
    "c": "Japan",
    "d": "West Germany",
    "answer": "c"
  },
  {
    "question": "In which city does the annual U.S. Soapbox Derby take place?",
    "a": "Youngstown, Ohio",
    "b": "Akron, Ohio",
    "c": "Kansas City, Mo.",
    "d": "Hannibal, Mo.",
    "answer": "b"
  },
  {
    "question": "What ball park has never had lights installed for night games?",
    "a": "Forbes Field",
    "b": "Comiskey Park",
    "c": "Brewster Field",
    "d": "Wrigley Field",
    "answer": "d"
  },
  {
    "question": "What City has the largest bowling alley in the world?",
    "a": "Dallas, Texas",
    "b": "Cincinatti, Ohio",
    "c": "Warsaw, Poland",
    "d": "Tokyo, Japan",
    "answer": "d"
  },
  {
    "question": "Name the city in which the Pig Bowl is held.",
    "a": "Havana, Cuba",
    "b": "El Paso, Texas",
    "c": "Sacramento, CA",
    "d": "Des Moines, Iowa",
    "answer": "c"
  },
  {
    "question": "The Heisman Trophy was been won the most by players from which college",
    "a": "USC",
    "b": "Notre Dame",
    "c": "Ohio State",
    "d": "Texas A & M",
    "answer": "b"
  },
  {
    "question": "What NBA team set a record in 1973 by losing 20 consecutive games?",
    "a": "76'ers",
    "b": "Celtics",
    "c": "Warriors",
    "d": "Lakers",
    "answer": "a"
  },
  {
    "question": "Bobby Fischer met Boris Spassky for the world chess championship in...",
    "a": "1970",
    "b": "1974",
    "c": "1972",
    "d": "1968",
    "answer": "c"
  },
  {
    "question": "How many numbered squares are on a standard Bingo card?",
    "a": "25",
    "b": "16",
    "c": "36",
    "d": "24",
    "answer": "d"
  },
  {
    "question": "What two letters in the game of Scrabble are the most valuable?",
    "a": "J and Z",
    "b": "Z and Q",
    "c": "X and Z",
    "d": "Q and X",
    "answer": "b"
  },
  {
    "question": "With which NFL team did 49'er head coach Bill Walsh get his first job",
    "a": "Cincinatti Bengals",
    "b": "San Diego Chargers",
    "c": "Oakland Raiders",
    "d": "San Francisco 49ers",
    "answer": "c"
  },
  {
    "question": "In golf, what is the term for two strokes under par?",
    "a": "Bogey",
    "b": "Birdie",
    "c": "Hat Trick",
    "d": "Eagle",
    "answer": "d"
  },
  {
    "question": "In what year were the modern day Olympics revived in Athens, Greece",
    "a": "1860",
    "b": "1904",
    "c": "1936",
    "d": "1896",
    "answer": "d"
  },
  {
    "question": "Which baseball player once played for the Harlem Globetrotters?",
    "a": "Willie McCovey",
    "b": "Bob Gibson",
    "c": "Reggie Jackson",
    "d": "Jackie Robinson",
    "answer": "b"
  },
  {
    "question": "With a standard pair of dice, how likely is a '7' to come up?",
    "a": "1 in 3",
    "b": "1 in 36",
    "c": "1 in 6",
    "d": "1 in 3",
    "answer": "c"
  },
  {
    "question": "An American roulette wheel contains how many different numbered spots?",
    "a": "35",
    "b": "36",
    "c": "37",
    "d": "38",
    "answer": "d"
  },
  {
    "question": "Which is the only NFL team that has nothing pictured on its helmets?",
    "a": "Philadelphia Eagles",
    "b": "Kansas City Chiefs",
    "c": "Seattle Seahawks",
    "d": "Cleveland Browns",
    "answer": "d"
  },
  {
    "question": "The only chess piece unable to move to a different colored square is..",
    "a": "the pawn.",
    "b": "the bishop.",
    "c": "the rook.",
    "d": "the knight.",
    "answer": "b"
  },
  {
    "question": "In what year were women first allowed to compete in the Olympics",
    "a": "1896",
    "b": "1904",
    "c": "1900",
    "d": "1928",
    "answer": "d"
  },
  {
    "question": "Over what distance is the Kentucky Derby run?",
    "a": "1.25 miles",
    "b": "1.00 mile",
    "c": "2.50 miles",
    "d": "0.75 mile",
    "answer": "a"
  },
  {
    "question": "In Judo, what is the color of the highest belt you can achieve?",
    "a": "red",
    "b": "black",
    "c": "brown",
    "d": "white",
    "answer": "a"
  },
  {
    "question": "What annual event awards the Borg-Warner trophy?",
    "a": "U.S. Open",
    "b": "Indianapolis 500",
    "c": "Baja 500",
    "d": "Belmont Stakes",
    "answer": "b"
  },
  {
    "question": "In what year was the first Rose Bowl played?",
    "a": "1928",
    "b": "1932",
    "c": "1946",
    "d": "1902",
    "answer": "d"
  },
  {
    "question": "Where did Billy Jean King defeat Bobby Riggs?",
    "a": "Las Vegas, NV",
    "b": "Forest Hills, NY",
    "c": "Houston, TX",
    "d": "Los Angeles, CA",
    "answer": "c"
  },
  {
    "question": "Who said `the bigger they come, the harder they fall'?",
    "a": "Joe Louis",
    "b": "Sonny Liston",
    "c": "Bob Fitzsimmons",
    "d": "Sugar Ray Robinson",
    "answer": "c"
  },
  {
    "question": "Name the first woman to race in the Indianapolis 500.",
    "a": "Shirley Muldowney",
    "b": "Janet Guthrie",
    "c": "Tracy Austin",
    "d": "Mary Decker",
    "answer": "b"
  },
  {
    "question": "With what team did quarterback Roman Gabriel last play?",
    "a": "Los Angeles Rams",
    "b": "New York Jets",
    "c": "Philadelphia Eagles",
    "d": "Chicago Bears",
    "answer": "c"
  },
  {
    "question": "Name the home state of the NHL Devils.",
    "a": "Rhode Island",
    "b": "New York",
    "c": "Connecticut",
    "d": "New Jersey",
    "answer": "d"
  },
  {
    "question": "Who is credited with the line `nice guys finish last'?",
    "a": "Mel Ott",
    "b": "Leo Durocher",
    "c": "Yogi Berra",
    "d": "Dizzy Dean",
    "answer": "b"
  },
  {
    "question": "The first black player elected to the Pro Football Hall of Fame was:",
    "a": "O.J. Simpson",
    "b": "Jim Brown",
    "c": "Emlen Tunnell",
    "d": "Gale Sayers",
    "answer": "c"
  },
  {
    "question": "What college stadium has a seating capacity of over 100,000?",
    "a": "Michigan, Ann Arbor",
    "b": "Stanford",
    "c": "USC",
    "d": "Notre Dame",
    "answer": "a"
  },
  {
    "question": "What school produced the first winner of the Heisman Trophy?",
    "a": "Notre Dame",
    "b": "Yale",
    "c": "USC",
    "d": "Ohio State",
    "answer": "b"
  },
  {
    "question": "Name the first team to win the Stanley Cup.",
    "a": "New York Islanders",
    "b": "Boston Bruins",
    "c": "Ottowa Senators",
    "d": "Chicago Blackhawks",
    "answer": "c"
  },
  {
    "question": "What NFL team was formerly known as the Portsmouth Spartans?",
    "a": "N. England Patriots",
    "b": "Detroit Lions",
    "c": "New York Jets",
    "d": "Dallas Cowboys",
    "answer": "b"
  },
  {
    "question": "How many NHL teams are Canadian?",
    "a": "3",
    "b": "5",
    "c": "9",
    "d": "7",
    "answer": "d"
  },
  {
    "question": "In what sport do you find a `masse' shot?",
    "a": "Tennis",
    "b": "Billiards",
    "c": "Golf",
    "d": "Archery",
    "answer": "b"
  },
  {
    "question": "Who is the only pitcher to hit a grand slam in a World Series?",
    "a": "Darold Knowles",
    "b": "Jim Bunning",
    "c": "Dave McNally",
    "d": "Nolan Ryan",
    "answer": "c"
  },
  {
    "question": "The record for non-stop, long-distance swimming is:",
    "a": "42.5 miles",
    "b": "76.2 miles",
    "c": "121 miles",
    "d": "292 miles",
    "answer": "d"
  },
  {
    "question": "By what nickname are the colored lights starting a drag race known?",
    "a": "traffic lights",
    "b": "christmas tree",
    "c": "pit lights",
    "d": "hollywood lights",
    "answer": "b"
  },
  {
    "question": "For how many yards did O.J. Sipmson rush in his record 1973 season?",
    "a": "1003 yards",
    "b": "2003 yards",
    "c": "3003 yards",
    "d": "4003 yards",
    "answer": "b"
  },
  {
    "question": "The 1982 football strike lasted how many days?",
    "a": "57",
    "b": "67",
    "c": "27",
    "d": "107",
    "answer": "a"
  },
  {
    "question": "What was the sport of brothers Max and Buddy Baer?",
    "a": "Wrestling",
    "b": "Football",
    "c": "Boxing",
    "d": "Hockey",
    "answer": "c"
  },
  {
    "question": "Who kicked the 1970, 63 yard field goal for New Orleans over Detroit?",
    "a": "Chris Bahr",
    "b": "Tom Dempsey",
    "c": "Paul Brown",
    "d": "Guy Benjamin",
    "answer": "b"
  },
  {
    "question": "Which of the following quarterbacks did NOT play for Dallas?",
    "a": "Roger Staubach",
    "b": "Don Meredith",
    "c": "Craig Morton",
    "d": "Jim Hart",
    "answer": "d"
  },
  {
    "question": "What Sporting Event begins with a Tip-Off?",
    "a": "Hockey",
    "b": "Relay Race",
    "c": "Basketball",
    "d": "Paddle Tennis",
    "answer": "c"
  },
  {
    "question": "Which game ball is heaviest?",
    "a": "Golf",
    "b": "Paddle Tennis",
    "c": "Jai Alai",
    "d": "Court Handball",
    "answer": "c"
  },
  {
    "question": "A player's turn at a pool table is called ...?",
    "a": "a series",
    "b": "a volley",
    "c": "a rack",
    "d": "an inning",
    "answer": "d"
  },
  {
    "question": "What President originated throwing out the first ball of the season?",
    "a": "Theodore Roosevelt",
    "b": "Franklin Roosevelt",
    "c": "William Howard Taft",
    "d": "Woodrow Wilson",
    "answer": "c"
  },
  {
    "question": "What was it called before it was called `The America's Cup?",
    "a": "Queen's Cup",
    "b": "World Cup",
    "c": "Yachting Cup",
    "d": "North American Cup",
    "answer": "a"
  },
  {
    "question": "What horse won the thoroughbred's Triple Crown in 1973?",
    "a": "Man of War",
    "b": "Seattle Slew",
    "c": "Secretariat",
    "d": "Manhattan Hopes",
    "answer": "c"
  },
  {
    "question": "British sprinter, Harold Abrahms, was proficient at what other event",
    "a": "Relay",
    "b": "Hurdles",
    "c": "Long Jump",
    "d": "High Jump",
    "answer": "c"
  },
  {
    "question": "Where did Wilt Chamberlain play collegiate ball?",
    "a": "Kansas",
    "b": "UCLA",
    "c": "LSU",
    "d": "Ohio State",
    "answer": "a"
  },
  {
    "question": "In 1965, what Chicago Bears rookie scored 22 touchdowns?",
    "a": "O.J. Simpson",
    "b": "Jim Brown",
    "c": "Brian Piccolo",
    "d": "Gale Sayers",
    "answer": "d"
  },
  {
    "question": "In 1975 who broke John Unitas' record for most completions?",
    "a": "Joe Namath",
    "b": "Fran Tarkenton",
    "c": "Ken Stabler",
    "d": "Roman Gabriel",
    "answer": "b"
  },
  {
    "question": "In Baseball, where is the \"Green Monster\" found?",
    "a": "San Francisco",
    "b": "Chicago",
    "c": "Los Angeles",
    "d": "Boston",
    "answer": "d"
  },
  {
    "question": "Billy Martin used to play what position for the N.Y. Yankees?",
    "a": "First Base",
    "b": "Second Base",
    "c": "Third Base",
    "d": "Left Field",
    "answer": "b"
  },
  {
    "question": "How many dimples are there on a Golf Ball?",
    "a": "125",
    "b": "180",
    "c": "224",
    "d": "336",
    "answer": "d"
  },
  {
    "question": "What year did the Russians first send a team to the Summer Olympics",
    "a": "1952",
    "b": "1938",
    "c": "1908",
    "d": "1948",
    "answer": "a"
  },
  {
    "question": "Queen Elizabeth I was skilled at what game?",
    "a": "Darts",
    "b": "Croquet",
    "c": "Lawn Tennis",
    "d": "Billiards",
    "answer": "d"
  },
  {
    "question": "First American woman to swim the English Channel was:",
    "a": "Gertrude Ederle",
    "b": "Babe Dedrikson",
    "c": "Ann Curtis",
    "d": "Ann Sullivan",
    "answer": "a"
  },
  {
    "question": "In auto racing, what is meant when a blue flag is waved?",
    "a": "Another car follows",
    "b": "Course is slippery",
    "c": "Caution",
    "d": "Driver must stop",
    "answer": "a"
  },
  {
    "question": "Where is the famous sign that reads \"Hit the sign, win a suit\" ?",
    "a": "Wrigley Field",
    "b": "Candlestick Park",
    "c": "Ebbets Field",
    "d": "Yankee Stadium",
    "answer": "c"
  },
  {
    "question": "Golf Pro Gary Player hails from what country?",
    "a": "England",
    "b": "Ireland",
    "c": "Canada",
    "d": "South Africa",
    "answer": "d"
  },
  {
    "question": "What NFL defensive line was known as `The Orange Crush'?",
    "a": "Denver Broncos",
    "b": "Miami Dolphins",
    "c": "L.A. Rams",
    "d": "Dallas Cowboys",
    "answer": "a"
  },
  {
    "question": "At what age does a `filly' become a `mare'?",
    "a": "2",
    "b": "3",
    "c": "4",
    "d": "5",
    "answer": "d"
  },
  {
    "question": "What is the name of the Air Force's football team?",
    "a": "Eagles",
    "b": "Bears",
    "c": "Falcons",
    "d": "Hawks",
    "answer": "c"
  },
  {
    "question": "What 3 numbers are referred to as craps in the game of craps?",
    "a": "7, 11 and 12",
    "b": "2, 3 and 12",
    "c": "1, 2 and 3",
    "d": "2, 3 and 11",
    "answer": "b"
  },
  {
    "question": "The Vince Lombardi Trohpy is given to the winners of what event?",
    "a": "The Rose Bowl",
    "b": "The Cotton Bowl",
    "c": "The Super Bowl",
    "d": "The Orange Bowl",
    "answer": "c"
  },
  {
    "question": "What vehicles are raced in the Tour de France?",
    "a": "6 cylinder DOHC's",
    "b": "motorcyles",
    "c": "bicycles",
    "d": "motor scooters",
    "answer": "c"
  },
  {
    "question": "Which actor is one of the world's top professional bridge players?",
    "a": "Dustin Hoffman",
    "b": "Orson Welles",
    "c": "Lawrence Olivier",
    "d": "Omar Shariff",
    "answer": "d"
  },
  {
    "question": "What's the highest possible hand in poker (without jokers)?",
    "a": "Full House",
    "b": "Four Aces",
    "c": "Royal Flush",
    "d": "Five Aces",
    "answer": "c"
  },
  {
    "question": "In which country was the game of golf invented?",
    "a": "Nova Scotia",
    "b": "Scotland",
    "c": "Ireland",
    "d": "England",
    "answer": "b"
  },
  {
    "question": "Who slammed a 3-run homer in Yankee Stadium's first opening day game?",
    "a": "Mickey Mantle",
    "b": "Babe Ruth",
    "c": "Lou Gehrig",
    "d": "Yogi Berra",
    "answer": "b"
  },
  {
    "question": "Who is the only person to have won the Olympic Decathlon twice?",
    "a": "Bruce Jenner",
    "b": "Bob Richards",
    "c": "Lazlo Toth",
    "d": "Bob Mathias",
    "answer": "d"
  },
  {
    "question": "In Chess, what name is given to the only move involving two pieces?",
    "a": "En Passant",
    "b": "En Pris",
    "c": "Checkmate",
    "d": "Castling",
    "answer": "d"
  },
  {
    "question": "How many innings must a starting pitcher pitch to get a victory?",
    "a": "3",
    "b": "4",
    "c": "5",
    "d": "6",
    "answer": "c"
  },
  {
    "question": "Who was the first million-dollar winner in golf?",
    "a": "Arnold Palmer",
    "b": "Gary Player",
    "c": "Lee Elder",
    "d": "Jack Nicklaus",
    "answer": "a"
  },
  {
    "question": "Where would you find the largest bull fighting ring in the world?",
    "a": "Mexico City",
    "b": "Anastasia, Spain",
    "c": "Lisbon, Portugal",
    "d": "Rio de Janeiro",
    "answer": "a"
  },
  {
    "question": "In Monopoly, what is the rent on The Boardwalk with one hotel?",
    "a": "$500",
    "b": "$1000",
    "c": "$2000",
    "d": "$4000",
    "answer": "c"
  },
  {
    "question": "What do the two sides of a die add up to?",
    "a": "4",
    "b": "6",
    "c": "8",
    "d": "7",
    "answer": "d"
  },
  {
    "question": "How many points do you get for a ringer in Horseshoes?",
    "a": "10",
    "b": "12",
    "c": "3",
    "d": "20",
    "answer": "c"
  },
  {
    "question": "What is the height of a basketball hoop?",
    "a": "8 feet",
    "b": "10 feet",
    "c": "9 feet",
    "d": "12 feet",
    "answer": "b"
  },
  {
    "question": "How long is a regulation soccer game?",
    "a": "1 hour",
    "b": "ninety minutes",
    "c": "45 minutes",
    "d": "2 hours",
    "answer": "b"
  },
  {
    "question": "What piece of baseball equipment was Charles Waite first to wear?",
    "a": "catcher's mask",
    "b": "cleats",
    "c": "batter's helmet",
    "d": "glove",
    "answer": "d"
  },
  {
    "question": "What board game did Humphrey Bogart excel at?",
    "a": "Backgammon",
    "b": "Chess",
    "c": "Parchesi",
    "d": "Monopoly",
    "answer": "b"
  },
  {
    "question": "How many seconds must a cowboy stay atop a rodeo bronc?",
    "a": "8 seconds",
    "b": "6 seconds",
    "c": "10 seconds",
    "d": "4 seconds",
    "answer": "a"
  },
  {
    "question": "What do the five Olympic rings symbolize?",
    "a": "5 races",
    "b": "5 events",
    "c": "5 continents",
    "d": "5 languages",
    "answer": "c"
  },
  {
    "question": "Which of these four cities has NOT hosted the Summer Olympics?",
    "a": "St. Louis",
    "b": "Montreal",
    "c": "New York City",
    "d": "Mexico City",
    "answer": "c"
  },
  {
    "question": "How many events make up the Olympic Decathlon?",
    "a": "10",
    "b": "5",
    "c": "15",
    "d": "20",
    "answer": "a"
  },
  {
    "question": "What does the french word `Brut' mean on a bottle of wine?",
    "a": "Vintage year",
    "b": "Dry",
    "c": "Sweet",
    "d": "Strong",
    "answer": "b"
  },
  {
    "question": "What team was the first to lose a Super Bowl?",
    "a": "Miami Dolphins",
    "b": "Kansas City Chiefs",
    "c": "Los Angeles Rams",
    "d": "Green Bay Packers",
    "answer": "b"
  },
  {
    "question": "What was to be the site of the 1940 Olympics before being cancelled?",
    "a": "Munich",
    "b": "Rome",
    "c": "London",
    "d": "Tokyo",
    "answer": "d"
  },
  {
    "question": "What is the lowest ranking suit of cards in the game of bridge?",
    "a": "Hearts",
    "b": "Clubs",
    "c": "Diamonds",
    "d": "Spades",
    "answer": "b"
  },
  {
    "question": "How many times may a volleyball be hit by members of the same team?",
    "a": "2 times",
    "b": "1 time",
    "c": "4 times",
    "d": "3 times",
    "answer": "d"
  },
  {
    "question": "What is the score of a forfeited baseball game?",
    "a": "1 to 0",
    "b": "2 to 0",
    "c": "5 to 0",
    "d": "9 to 0",
    "answer": "d"
  },
  {
    "question": "For what major league team did Hank Aaron play his last game?",
    "a": "Atlanta Braves",
    "b": "Milwaukee Brewers",
    "c": "Minnasota Twins",
    "d": "Boston Red Sox",
    "answer": "b"
  },
  {
    "question": "What is the `second jewel' in the Triple Crown of horse racing?",
    "a": "Kentucky Derby",
    "b": "Belmont Stakes",
    "c": "Preakness Stakes",
    "d": "Indianapolis 500",
    "answer": "c"
  },
  {
    "question": "How much money do players get at the beginning of a Monopoly game?",
    "a": "200 dollars",
    "b": "1500 dollars",
    "c": "500 dollars",
    "d": "1000 dollars",
    "answer": "b"
  },
  {
    "question": "From what yard line do NFL teams kick off?",
    "a": "the 20",
    "b": "the 30",
    "c": "the 15",
    "d": "the 35",
    "answer": "d"
  },
  {
    "question": "Name the only host country that did NOT win gold at a Summer Olympics.",
    "a": "Mexico",
    "b": "Canada",
    "c": "Japan",
    "d": "Lithuania",
    "answer": "b"
  },
  {
    "question": "How many years old are horses that run in the Kentucky Derby?",
    "a": "2",
    "b": "4",
    "c": "1",
    "d": "3",
    "answer": "d"
  },
  {
    "question": "What's the oldest trophy competed for by pro athletes in N. America?",
    "a": "Heisman Trophy",
    "b": "America's Cup",
    "c": "Borg Warner Trophy",
    "d": "The Stanley Cup",
    "answer": "d"
  },
  {
    "question": "What averted an Arab boycott of the 1948 summer Olympics?",
    "a": "Moving the site",
    "b": "Israel's exclusion",
    "c": "Locust plagues",
    "d": "Arafat's wedding",
    "answer": "b"
  },
  {
    "question": "How many trials is each competitor allowed in the Javelin throw?",
    "a": "2",
    "b": "6",
    "c": "3",
    "d": "4",
    "answer": "b"
  },
  {
    "question": "For what was NFL player Alex Karras suspended in 1963?",
    "a": "Drugs",
    "b": "Missed games",
    "c": "Gambling",
    "d": "Alcoholism",
    "answer": "c"
  },
  {
    "question": "What's the most attended sport in the United States?",
    "a": "football",
    "b": "baseball",
    "c": "horse racing",
    "d": "auto racing",
    "answer": "c"
  },
  {
    "question": "What number is at 12:00 on a regulation dart board?",
    "a": "1",
    "b": "12",
    "c": "0",
    "d": "20",
    "answer": "d"
  },
  {
    "question": "On which holiday is the running of the Indianapolis 500 held?",
    "a": "Labor Day",
    "b": "Columbus Day",
    "c": "Fourth of July",
    "d": "Memorial Day",
    "answer": "d"
  },
  {
    "question": "In which city is the Sugar Bowl played?",
    "a": "Honolulu",
    "b": "New Orleans",
    "c": "Atlanta",
    "d": "Miami",
    "answer": "b"
  },
  {
    "question": "What is the price of each of the four Utilities in Monopoly?",
    "a": "$150",
    "b": "$100",
    "c": "$200",
    "d": "$50",
    "answer": "a"
  },
  {
    "question": "Which color does not appear on a standard Roulette Wheel?",
    "a": "Black",
    "b": "Green",
    "c": "Red",
    "d": "Yellow",
    "answer": "d"
  },
  {
    "question": "Name the most common mascot name of American college football teams.",
    "a": "Trojans",
    "b": "Spartans",
    "c": "Tigers",
    "d": "Bears",
    "answer": "c"
  },
  {
    "question": "For what team did Babe Ruth play his first major league game?",
    "a": "Yankees",
    "b": "White Sox",
    "c": "Red Sox",
    "d": "Orioles",
    "answer": "c"
  },
  {
    "question": "What sport features a railroad split?",
    "a": "Wrestling",
    "b": "Boxing",
    "c": "Weightlifting",
    "d": "Bowling",
    "answer": "d"
  },
  {
    "question": "How many points make up a perfect five pin bowling score?",
    "a": "300",
    "b": "350",
    "c": "400",
    "d": "450",
    "answer": "d"
  },
  {
    "question": "What's the largest rodeo in the world?",
    "a": "Phoenix Rodeo",
    "b": "Las Vegas Review",
    "c": "Calgary Stampede",
    "d": "Salinas Stampede",
    "answer": "c"
  },
  {
    "question": "Where were the 1936 Summer Olympics held?",
    "a": "Paris",
    "b": "Rome",
    "c": "Stockholm",
    "d": "Berlin",
    "answer": "d"
  },
  {
    "question": "For what sport is the Ryder Cup awarded?",
    "a": "Tennis",
    "b": "Golf",
    "c": "Boxing",
    "d": "Bareback Riding",
    "answer": "b"
  },
  {
    "question": "For what college did Joe Namath play football?",
    "a": "Notre Dame",
    "b": "Alabama",
    "c": "Ohio State",
    "d": "Texas A & M",
    "answer": "b"
  },
  {
    "question": "What was the first U.S.-based team in the NHL?",
    "a": "Chicago Blackhawks",
    "b": "New York Islanders",
    "c": "Boston Bruins",
    "d": "New Jersey Devils",
    "answer": "c"
  },
  {
    "question": "When is the Kentucky Derby run?",
    "a": "1st Sunday in May",
    "b": "Last Sunday in May",
    "c": "1st Saturday in May",
    "d": "1st Sunday in June",
    "answer": "c"
  },
  {
    "question": "How long is the rest between rounds in Boxing?",
    "a": "1 minute",
    "b": "2 minutes",
    "c": "3 minutes",
    "d": "5 minutes",
    "answer": "a"
  },
  {
    "question": "What is the fastest stroke in swimming?",
    "a": "Butterfly",
    "b": "Backstroke",
    "c": "Breastroke",
    "d": "Freestyle",
    "answer": "d"
  },
  {
    "question": "What's the other name for the card game \"Patience\" ?",
    "a": "Hearts",
    "b": "Canasta",
    "c": "Bridge",
    "d": "Solitaire",
    "answer": "d"
  },
  {
    "question": "How did Rocky Marciano die?",
    "a": "Car crash",
    "b": "Brain tumor",
    "c": "Kidney failure",
    "d": "Plane crash",
    "answer": "d"
  },
  {
    "question": "How many seams are there on a regulation football?",
    "a": "None",
    "b": "3",
    "c": "4",
    "d": "5",
    "answer": "c"
  },
  {
    "question": "How many masts does a sloop have?",
    "a": "1",
    "b": "2",
    "c": "3",
    "d": "none",
    "answer": "a"
  },
  {
    "question": "In football, what is the penalty for clipping?",
    "a": "5 yards",
    "b": "10 yards",
    "c": "15 yards",
    "d": "Automatic 1st down",
    "answer": "c"
  },
  {
    "question": "Whose famed jaw did Ken Norton break?",
    "a": "George Foreman",
    "b": "Leon Spinks",
    "c": "Muhammad Ali",
    "d": "Joe Frazier",
    "answer": "c"
  },
  {
    "question": "In football, what is the penalty for jumping offsides?",
    "a": "5 yards",
    "b": "10 yards",
    "c": "15 yards",
    "d": "Automatic 1st down",
    "answer": "a"
  },
  {
    "question": "What is the most frequently rolled number with a pair of dice?",
    "a": "6",
    "b": "7",
    "c": "8",
    "d": "11",
    "answer": "b"
  },
  {
    "question": "What chess piece moves in the shape of an \"L\"?",
    "a": "Rook",
    "b": "Knight",
    "c": "Bishop",
    "d": "Pawn",
    "answer": "b"
  },
  {
    "question": "Sports Illustrated's first female Sportsman of the Year was?",
    "a": "Cathy Rigby",
    "b": "Babe Dedrikson",
    "c": "Billy Jean King",
    "d": "Wilma Rudolph",
    "answer": "c"
  },
  {
    "question": "How many laps make up the Indianapolis 500?",
    "a": "100",
    "b": "200",
    "c": "250",
    "d": "500",
    "answer": "b"
  },
  {
    "question": "What Japanese company licenses \"Donkey Kong\" in the United States",
    "a": "Naimo",
    "b": "Coleco",
    "c": "Sega",
    "d": "Nintendo",
    "answer": "d"
  },
  {
    "question": "In poker, another name for a hand containing Aces and Eights is:",
    "a": "Flush",
    "b": "Dead man's hand",
    "c": "Hat trick",
    "d": "Busted straight",
    "answer": "b"
  },
  {
    "question": "What is the traditional drink served at the Kentucky Derby?",
    "a": "Jack Daniels",
    "b": "Old Fashioned",
    "c": "Mint Julep",
    "d": "Southern Comfort",
    "answer": "c"
  },
  {
    "question": "In Golf, what does the term Eagle refer to?",
    "a": "1 under par",
    "b": "2 under par",
    "c": "1 over par",
    "d": "2 over par",
    "answer": "b"
  },
  {
    "question": "In Backgammon, what is the center division of the board called?",
    "a": "The edge",
    "b": "The center",
    "c": "The peak",
    "d": "The bar",
    "answer": "d"
  },
  {
    "question": "In Blackjack, what must the dealer do when he has a 16?",
    "a": "Hit",
    "b": "Stand",
    "c": "Offer insurance",
    "d": "Shuffle",
    "answer": "a"
  },
  {
    "question": "What NHL team has the most Stanley Cup championships?",
    "a": "Chicago Blackhawks",
    "b": "Boston Bruins",
    "c": "New York Islanders",
    "d": "Montreal Canadiens",
    "answer": "d"
  },
  {
    "question": "How many dice are used to play the game Yahtzee?",
    "a": "2",
    "b": "3",
    "c": "4",
    "d": "5",
    "answer": "d"
  },
  {
    "question": "What team has lost the most Super Bowls?",
    "a": "Dallas Cowboys",
    "b": "Pittsburgh Steelers",
    "c": "Miami Dolphins",
    "d": "Minnesota Vikings",
    "answer": "d"
  },
  {
    "question": "What color light is displayed on the port side of a boat?",
    "a": "Red",
    "b": "Green",
    "c": "Yellow",
    "d": "Blue",
    "answer": "a"
  },
  {
    "question": "In Backgammon, how many pieces does each player start with?",
    "a": "10",
    "b": "12",
    "c": "15",
    "d": "20",
    "answer": "c"
  },
  {
    "question": "Who stopped Bjorn Borg's string of Wimbledon singles titles at 5?",
    "a": "Jimmy Connors",
    "b": "John McEnroe",
    "c": "John LLoyd",
    "d": "Arthur Ash",
    "answer": "b"
  },
  {
    "question": "What sport was featured on the first Sports Illustrated cover?",
    "a": "Baseball",
    "b": "Football",
    "c": "Swimming",
    "d": "Basketball",
    "answer": "a"
  },
  {
    "question": "In the NBA, how many seconds after getting the ball must you shoot?",
    "a": "10 seconds",
    "b": "18 seconds",
    "c": "24 seconds",
    "d": "30 seconds",
    "answer": "c"
  },
  {
    "question": "Who did the Miracle Mets defeat to win the 1969 World Series?",
    "a": "Boston Red Sox",
    "b": "Baltimore Orioles",
    "c": "New York Yankees",
    "d": "Phillies",
    "answer": "b"
  },
  {
    "question": "What U.S. state grants the most fishing licenses?",
    "a": "Louisiana",
    "b": "Florida",
    "c": "Mississippi",
    "d": "California",
    "answer": "d"
  },
  {
    "question": "What's the traditional drink in the Winner's Circle at the Indy 500?",
    "a": "Champaigne",
    "b": "Red Wine",
    "c": "White Wine",
    "d": "Milk",
    "answer": "d"
  },
  {
    "question": "In what city is the World Series of Poker held?",
    "a": "Amarillo, Texas",
    "b": "Reno, Nevada",
    "c": "Las Vegas, Nevada",
    "d": "Cheyenne, Wyoming",
    "answer": "c"
  },
  {
    "question": "What is the weight classification of a 159-lb boxer?",
    "a": "Heavyweight",
    "b": "Middleweight",
    "c": "Welterweight",
    "d": "Featherweight",
    "answer": "b"
  },
  {
    "question": "How many points is a bullseye worth in darts?",
    "a": "20",
    "b": "25",
    "c": "50",
    "d": "100",
    "answer": "c"
  },
  {
    "question": "In Golf, what number wood is known as the driver?",
    "a": "1",
    "b": "2",
    "c": "3",
    "d": "4",
    "answer": "a"
  },
  {
    "question": "What Dodgers and Cubs first baseman left baseball to take up acting?",
    "a": "Kurt Russell",
    "b": "Robert Redford",
    "c": "Chuck Connors",
    "d": "Burt Reynolds",
    "answer": "c"
  },
  {
    "question": "The annual Tournament of Roses Parade takes place in which town?",
    "a": "Los Angeles, CA",
    "b": "Roseville, CA",
    "c": "Paso Robles, CA",
    "d": "Pasadena, CA",
    "answer": "d"
  },
  {
    "question": "How many pins are used in the game of bowling?",
    "a": "12",
    "b": "8",
    "c": "10",
    "d": "6",
    "answer": "c"
  },
  {
    "question": "What is the minimum bet allowed at a race track?",
    "a": "1 dollar",
    "b": "2 dollars",
    "c": "3 dollars",
    "d": "5 dollars",
    "answer": "b"
  },
  {
    "question": "What did actor John Wayne win from Rudd Weatherswax in a poker game?",
    "a": "1 million dollars",
    "b": "a moon rock",
    "c": "Camp David",
    "d": "Lassie",
    "answer": "d"
  },
  {
    "question": "What color is the most landed-on property in Monopoly?",
    "a": "Red",
    "b": "Orange",
    "c": "Blue",
    "d": "Green",
    "answer": "b"
  },
  {
    "question": "Which color moves first in chess?",
    "a": "Black",
    "b": "Red",
    "c": "White",
    "d": "None of the above",
    "answer": "c"
  },
  {
    "question": "Who has the most Daytona 500 wins?",
    "a": "Richard Petty",
    "b": "A. J. Foyt",
    "c": "Carl Yarborough",
    "d": "Bobby Allison",
    "answer": "a"
  },
  {
    "question": "Nitromethane is used for what purpose?",
    "a": "Drug detection",
    "b": "Racing fuel",
    "c": "Distance running",
    "d": "Muscle cramps",
    "answer": "b"
  },
  {
    "question": "What is the minimum number of players on an NFL team?",
    "a": "9",
    "b": "12",
    "c": "11",
    "d": "13",
    "answer": "c"
  },
  {
    "question": "In what year were batting helmets introduced to the Major Leagues?",
    "a": "1935",
    "b": "1902",
    "c": "1911",
    "d": "1941",
    "answer": "d"
  },
  {
    "question": "The company which markets \"Trivial Pursuit\" also markets which game?",
    "a": "Monopoly",
    "b": "Parchesi",
    "c": "Let's Make a Deal",
    "d": "Scrabble",
    "answer": "d"
  },
  {
    "question": "For what NFL team did Warren Beatty play in the film \"Heaven Can Wait\"",
    "a": "Dallas Cowboys",
    "b": "Pittsburgh Steelers",
    "c": "San Francisco 49ers",
    "d": "Los Angeles Rams",
    "answer": "d"
  },
  {
    "question": "Who was the first member elected to the Swimming Hall of Fame?",
    "a": "Mark Spitz",
    "b": "Johnny Weismuller",
    "c": "Buster Crabbe",
    "d": "Joanne Devarona",
    "answer": "b"
  },
  {
    "question": "Where is the Swimming Hall of Fame?",
    "a": "Santa Clara, CA",
    "b": "Long Beach, CA",
    "c": "Ft. Lauderdale, FL",
    "d": "Death Valley, CA",
    "answer": "c"
  },
  {
    "question": "The deepest part of which stadium is called \"Death Valley\"?",
    "a": "Fenway Park",
    "b": "Candlestick Park",
    "c": "Three River Stadium",
    "d": "Yankee Stadium",
    "answer": "d"
  },
  {
    "question": "What ball park has the infamous \"Green Monster\"?",
    "a": "Fenway Park",
    "b": "Candlestick Park",
    "c": "Three River Stadium",
    "d": "Yankee Stadium",
    "answer": "a"
  },
  {
    "question": "Who went to jail for attacking a TV announcer with a baseball bat?",
    "a": "George Brett",
    "b": "Wee Willie Keeler",
    "c": "Tony Conigliaro",
    "d": "Evil Knievel",
    "answer": "d"
  },
  {
    "question": "What city hosts Sun Bowl?",
    "a": "El Paso, TX",
    "b": "Dallas, TX",
    "c": "Montgomery, AL",
    "d": "Memphis, TN",
    "answer": "a"
  },
  {
    "question": "The 1973 film \"The Sting\" involved a hoax on what type of gambling?",
    "a": "Roulette",
    "b": "Blackjack",
    "c": "Poker",
    "d": "Horseracing",
    "answer": "d"
  },
  {
    "question": "Which of the following IS NOT a chess piece?",
    "a": "pawn",
    "b": "rook",
    "c": "castle",
    "d": "staff",
    "answer": "d"
  },
  {
    "question": "The 18th Kentucky Derby was won by Azra in 1892--how many horses ran?",
    "a": "3",
    "b": "6",
    "c": "8",
    "d": "10",
    "answer": "a"
  },
  {
    "question": "Who won the first Gold Medal at the first modern Olympics in 1896?",
    "a": "Greece",
    "b": "England",
    "c": "United States",
    "d": "Italy",
    "answer": "c"
  },
  {
    "question": "What is the minimum number of players on a basketball team?",
    "a": "7",
    "b": "6",
    "c": "5",
    "d": "4",
    "answer": "c"
  },
  {
    "question": "Which of these American League teams plays for a specific city?",
    "a": "Twins",
    "b": "Rangers",
    "c": "Angels",
    "d": "Yankees",
    "answer": "d"
  },
  {
    "question": "Where is the Baseball Hall of Fame located?",
    "a": "Canton, Ohio",
    "b": "Youngstown, Ohio",
    "c": "Dayton, Ohio",
    "d": "Cooperstown, NY",
    "answer": "d"
  },
  {
    "question": "The REAL surname of baseball's 3 brothers, Matty, Jesus & Felipe wa",
    "a": "Alou",
    "b": "Reyes",
    "c": "Alouvarez",
    "d": "Rojas",
    "answer": "d"
  },
  {
    "question": "Bill Bradley was NOT which of the following?",
    "a": "a NY Knicks great",
    "b": "a U.S. Senator",
    "c": "a Rhodes Scholar",
    "d": "an Olympic medalist",
    "answer": "d"
  },
  {
    "question": "What NFL team was featured in the movie \"Number One\"?",
    "a": "Los Angeles Rams",
    "b": "Oakland Raiders",
    "c": "Pittsburgh Steelers",
    "d": "New Orleans Saints",
    "answer": "d"
  },
  {
    "question": "The first NL-AL All-Star game was played in which year?",
    "a": "1933",
    "b": "1926",
    "c": "1940",
    "d": "1918",
    "answer": "a"
  },
  {
    "question": "Name the hometown of baseball's Estel Crabtree:",
    "a": "Milwaukee, WI",
    "b": "Boston, MA",
    "c": "Chicago, IL",
    "d": "Crabtree, OH",
    "answer": "d"
  },
  {
    "question": "What controversy arose in the 1972 Olympics USSR-USA basketball game?",
    "a": "drugs",
    "b": "the clock",
    "c": "spectators",
    "d": "officiating",
    "answer": "b"
  },
  {
    "question": "The 1937 Triple Crown was won by:",
    "a": "War Admiral",
    "b": "Secretariat",
    "c": "Man O `War",
    "d": "Dark Mirage",
    "answer": "a"
  },
  {
    "question": "In what sport do the participants compete in the \"Grand Nationals\"?",
    "a": "Equestrian",
    "b": "Trotters",
    "c": "Golf",
    "d": "Auto Racing",
    "answer": "d"
  },
  {
    "question": "Who was the first black to win the Heisman Trophy?",
    "a": "Dick Lane",
    "b": "Jim Brown",
    "c": "Emlen Tunnell",
    "d": "Ernie Davis",
    "answer": "d"
  },
  {
    "question": "What is the maximum allowable number of clubs in a golfer's bag?",
    "a": "12",
    "b": "14",
    "c": "15",
    "d": "16",
    "answer": "b"
  },
  {
    "question": "Tournament tennis balls cannot be which of the following colors?",
    "a": "White",
    "b": "Green",
    "c": "Yellow",
    "d": "Orange",
    "answer": "b"
  },
  {
    "question": "In which year was night baseball introduced into the Majors?",
    "a": "1911",
    "b": "1916",
    "c": "1935",
    "d": "1921",
    "answer": "c"
  },
  {
    "question": "The L.A. Lakers got their name when they played for what city?",
    "a": "Los Angeles",
    "b": "Chicago",
    "c": "Havasu, Arizona",
    "d": "Minniapolis, Minn",
    "answer": "d"
  },
  {
    "question": "Micky Mantle batted from which side of the plate?",
    "a": "left",
    "b": "right",
    "c": "both sides",
    "d": "neither side",
    "answer": "c"
  },
  {
    "question": "A \"passed ball\" is an error charged to which player?",
    "a": "the shortstop",
    "b": "the catcher",
    "c": "the pitcher",
    "d": "the firstbaseman",
    "answer": "b"
  },
  {
    "question": "What kind of wood is used to make baseball bats?",
    "a": "Pine",
    "b": "Redwood",
    "c": "Oak",
    "d": "Ash",
    "answer": "d"
  },
  {
    "question": "How many periods are there in a hockey game?",
    "a": "2",
    "b": "3",
    "c": "4",
    "d": "5",
    "answer": "b"
  },
  {
    "question": "With the ball at the 20, how long is a successful field goal?",
    "a": "20 yards",
    "b": "30 yards",
    "c": "33 yards",
    "d": "37 yards",
    "answer": "d"
  },
  {
    "question": "What is the diameter, in inches, of a basketball hoop?",
    "a": "12",
    "b": "15",
    "c": "18",
    "d": "24",
    "answer": "c"
  },
  {
    "question": "In pro football, how long is half time?",
    "a": "10 minutes",
    "b": "15 minutes",
    "c": "20 minutes",
    "d": "30 minutes",
    "answer": "b"
  },
  {
    "question": "The Podoloff Trophy is awarded to the Most Valuable Player in:",
    "a": "the NHL",
    "b": "the NBA",
    "c": "the NFL",
    "d": "the NL",
    "answer": "b"
  },
  {
    "question": "Which city has NOT been hometown for the Braves?",
    "a": "Atlanta",
    "b": "Boston",
    "c": "Milwaukee",
    "d": "Minneapolis",
    "answer": "d"
  },
  {
    "question": "Basketball's Hall of Fame is in which city?",
    "a": "Canton, Ohio",
    "b": "Cooperstown, NY",
    "c": "Youngstown, Ohio",
    "d": "Springfield, Mass.",
    "answer": "d"
  },
  {
    "question": "Ken Norton held the heavyweight crown in which boxing association?",
    "a": "WBA",
    "b": "WBC",
    "c": "neither",
    "d": "both",
    "answer": "b"
  },
  {
    "question": "How long is an NBA period?",
    "a": "10 minutes",
    "b": "12 minutes",
    "c": "15 minutes",
    "d": "20 minutes",
    "answer": "b"
  },
  {
    "question": "Man 'O War's only defeat was an upset by an 8 to 1 pick named:",
    "a": "Seabisquit",
    "b": "Alladin",
    "c": "NotMe",
    "d": "Upset",
    "answer": "d"
  },
  {
    "question": "Name an Ivy League team that has won a Rose Bowl:",
    "a": "Harvard",
    "b": "Columbia",
    "c": "Yale",
    "d": "None ever has.",
    "answer": "b"
  },
  {
    "question": "This person was a sparring partner for Jack Dempsey at one time.",
    "a": "Tony Conigliaro",
    "b": "Cassius Clay",
    "c": "Les Paul",
    "d": "J. Paul Getty",
    "answer": "d"
  },
  {
    "question": "Who became head coach for the Washington Redskins in 1969?",
    "a": "Joe Gibbs",
    "b": "Paul Brown",
    "c": "Al Davis",
    "d": "Vince Lombardi",
    "answer": "d"
  },
  {
    "question": "This person used to announce Cubs baseball in Des Moines, Iowa:",
    "a": "Russ Hodges",
    "b": "Ronald Reagan",
    "c": "Mary Shane",
    "d": "Mel Allen",
    "answer": "b"
  },
  {
    "question": "Before the 9-inning limit, the 1st team to score this won the game:",
    "a": "5 home runs",
    "b": "10 home runs",
    "c": "15 home runs",
    "d": "21 home runs",
    "answer": "d"
  },
  {
    "question": "The diameter of a tennis ball is:",
    "a": "2.0 inches",
    "b": "2.5 inches",
    "c": "3.0 inches",
    "d": "3.25 inches",
    "answer": "b"
  },
  {
    "question": "The first Heisman Trophy was won in 1935 by which of the following?",
    "a": "Red Grange",
    "b": "Charlie Connerly",
    "c": "Jay Berwanger",
    "d": "Tom Matte",
    "answer": "c"
  },
  {
    "question": "The Miami Dolphins' 18 game streak ended with a loss to which team?",
    "a": "New York Jets",
    "b": "Dallas Cowboys",
    "c": "Los Angeles Rams",
    "d": "Oakland Raiders",
    "answer": "d"
  },
  {
    "question": "Bill Bradley played his college ball at which college?",
    "a": "Rutgers",
    "b": "Princeton",
    "c": "Notre Dame",
    "d": "UCLA",
    "answer": "b"
  },
  {
    "question": "Which 2 teams were playing in the infamous 1968 \"Heidi Game\"?",
    "a": "Dallas & Green Bay",
    "b": "Miami & Cleveland",
    "c": "NY Jets & Oakland",
    "d": "Steelers and Giants",
    "answer": "c"
  },
  {
    "question": "President Ford did this at the 1977 Memphis Classic Golf Tournament:",
    "a": "Bumped his head.",
    "b": "Hit someone's head.",
    "c": "Shot hole-in-one.",
    "d": "Shot his own foot.",
    "answer": "c"
  },
  {
    "question": "The \"O\" and \"J\" in O.J. Simpson stand for what names?",
    "a": "Oswald Jamison",
    "b": "Orenthal James",
    "c": "Orville Jamison",
    "d": "Orange Juice",
    "answer": "b"
  },
  {
    "question": "How many members are there on a water polo team?",
    "a": "5",
    "b": "7",
    "c": "8",
    "d": "10",
    "answer": "b"
  },
  {
    "question": "Which of these is on Willie Mays' California license plate?",
    "a": "STRETCH",
    "b": "THE LIP",
    "c": "SAY HEY",
    "d": "FENWAY",
    "answer": "c"
  },
  {
    "question": "How many members are there on a Canadian Football League team?",
    "a": "10",
    "b": "12",
    "c": "11",
    "d": "9",
    "answer": "b"
  },
  {
    "question": "The major league record UNNECESSARY to make baseball's Triple Crown is",
    "a": "Most RBI's",
    "b": "Most Home Runs",
    "c": "Most Stolen Bases",
    "d": "Highest Batting Avg",
    "answer": "c"
  },
  {
    "question": "The one race which is NOT A PART of horce racing's Triple Crown is:",
    "a": "Belmont Stakes",
    "b": "Kentucky Derby",
    "c": "Preakness Stakes",
    "d": "Longchamps Stakes",
    "answer": "d"
  },
  {
    "question": "Which boxer weighs more, the Featherweight or Bantamweight?",
    "a": "Featherweight",
    "b": "Bantamweight",
    "c": "Neither",
    "d": "Both weigh the same",
    "answer": "a"
  },
  {
    "question": "The Boston Marathon is run the same day each year...what day is it?",
    "a": "March 14",
    "b": "April 19",
    "c": "May 17",
    "d": "June 18",
    "answer": "b"
  },
  {
    "question": "In Hollywood's \"Babe Comes Home\", who portrayed Babe Ruth?",
    "a": "William Bendix",
    "b": "Jimmy Stuart",
    "c": "Lou Gehrig",
    "d": "Babe Ruth",
    "answer": "d"
  },
  {
    "question": "With which team did Y.A.Tittle play before being traded to the Giants?",
    "a": "49'ers",
    "b": "Green Bay Packers",
    "c": "Chicago Bears",
    "d": "Chicago Cardinals",
    "answer": "a"
  },
  {
    "question": "How many yards did Jim Brown carry the ball during his career?",
    "a": "11,312",
    "b": "12,312",
    "c": "13,312",
    "d": "14,312",
    "answer": "b"
  },
  {
    "question": "The first name of the legendary Satchel Paige was:",
    "a": "Johnny",
    "b": "Artemis",
    "c": "Clyde",
    "d": "LeRoy",
    "answer": "d"
  },
  {
    "question": "Which horse was the only undefeated winner of the Triple Crown?",
    "a": "Secretariat",
    "b": "Citation",
    "c": "Man O' War",
    "d": "Seattle Slew",
    "answer": "d"
  },
  {
    "question": "What is the site of the college football \"Pioneer Bowl\"?",
    "a": "Wichita, TX",
    "b": "Sacramento, CA",
    "c": "Denver, CO",
    "d": "Phoenix, AZ",
    "answer": "a"
  },
  {
    "question": "How old was Tracy Austin when she first played at Wimbledon?",
    "a": "12",
    "b": "14",
    "c": "18",
    "d": "17",
    "answer": "b"
  },
  {
    "question": "What AL team snuck in a pennant win during the Yankees 1936-43 reign?",
    "a": "Detroit Tigers",
    "b": "Minnasota Twins",
    "c": "Boston Red Sox",
    "d": "Milwaukee Brewers",
    "answer": "a"
  },
  {
    "question": "Swimmer John Naber's specialty stroke was:",
    "a": "The butterfly",
    "b": "The breaststroke",
    "c": "Freestyle",
    "d": "The backstroke",
    "answer": "d"
  },
  {
    "question": "Which football player wrote the book \"I am Third\"?",
    "a": "Brian Piccolo",
    "b": "Roman Gabriel",
    "c": "Fran Tarkenton",
    "d": "Gale Sayers",
    "answer": "d"
  },
  {
    "question": "Gene Tunney lost how many of his 76 professional bouts?",
    "a": "0",
    "b": "1",
    "c": "2",
    "d": "3",
    "answer": "b"
  },
  {
    "question": "Hank Aaron belted how many runs in his career?",
    "a": "655",
    "b": "725",
    "c": "755",
    "d": "787",
    "answer": "c"
  },
  {
    "question": "Scullers practice their sport...",
    "a": "in the air.",
    "b": "on ice.",
    "c": "on the water.",
    "d": "with carving knives",
    "answer": "c"
  },
  {
    "question": "Which NFL team finished last in scoring in the 1983 season?",
    "a": "Houston Oilers",
    "b": "Tampa Bay Bucaneers",
    "c": "Philadelphia Eagles",
    "d": "Atlanta Falcons",
    "answer": "c"
  },
  {
    "question": "Which of these was not a running back for the Buffalo Bills?",
    "a": "O.J. Simpson",
    "b": "Joe Cribbs",
    "c": "Mott Hoople",
    "d": "Cookie Gilchrist",
    "answer": "c"
  },
  {
    "question": "The movie \"Bang the Drum Slowly\" revolved around what major sport?",
    "a": "Football",
    "b": "Baseball",
    "c": "Basketball",
    "d": "Hockey",
    "answer": "b"
  },
  {
    "question": "What was the nickname given to Babe Ruth's baseball bat?",
    "a": "Big Bertha",
    "b": "Black Betsy",
    "c": "Bombs Away",
    "d": "Rabid Bat",
    "answer": "b"
  },
  {
    "question": "Star running back Paul Hornung played what college position?",
    "a": "Wide Receiver",
    "b": "Placekicker",
    "c": "Quarterback",
    "d": "Center",
    "answer": "c"
  },
  {
    "question": "Whos's credited with saying \"It's not over until it's over\"?",
    "a": "Leo Durocher",
    "b": "Vince Lombardi",
    "c": "Yogi Berra",
    "d": "Willie Mays",
    "answer": "c"
  },
  {
    "question": "Which of these is NOT a card game?",
    "a": "Canasta",
    "b": "Patience",
    "c": "Uno",
    "d": "Cribbage",
    "answer": "d"
  },
  {
    "question": "Which defensive position does the AL's \"designated hitter\" play?",
    "a": "shortstop",
    "b": "third base",
    "c": "catcher",
    "d": "none of the above",
    "answer": "d"
  },
  {
    "question": "In auto racing, what is meant by the term \"slicks\"?",
    "a": "patches of oil",
    "b": "nice moves",
    "c": "a hairstyle",
    "d": "treadless tires",
    "answer": "d"
  },
  {
    "question": "What college did Miami Dolphins' Bob Griese quarterback for?",
    "a": "Rutgers",
    "b": "Duke",
    "c": "Purdue",
    "d": "Michigan State",
    "answer": "c"
  },
  {
    "question": "What was the second city to boast a domed stadium?",
    "a": "Detroit",
    "b": "Houston",
    "c": "Seattle",
    "d": "New Orleans",
    "answer": "c"
  },
  {
    "question": "What Big Ten school plays home games at Dyche Stadium?",
    "a": "Michigan",
    "b": "Ohio State",
    "c": "Northwestern",
    "d": "Notre Dame",
    "answer": "c"
  },
  {
    "question": "Who was the first player in the NBA to amass 20,000 points?",
    "a": "Wilt Chamberlain",
    "b": "Kareem Abdul Jabbar",
    "c": "Pete Maravich",
    "d": "Bob Pettit",
    "answer": "d"
  },
  {
    "question": "The largest number of strikeouts a pitcher can register in 1 inning i",
    "a": "1",
    "b": "2",
    "c": "3",
    "d": "4",
    "answer": "d"
  },
  {
    "question": "In Super Bowl XV, Rod Martin caught how many interceptions for Oakland",
    "a": "1",
    "b": "3",
    "c": "5",
    "d": "6",
    "answer": "b"
  },
  {
    "question": "What kind of coin is usually used for the NFL's opening coin toss?",
    "a": "Kennedy half-dollar",
    "b": "NFL special coin",
    "c": "Silver dollar",
    "d": "$25 Gold coin",
    "answer": "c"
  },
  {
    "question": "How many World Series home runs did Willie Mays hit?",
    "a": "2",
    "b": "4",
    "c": "1",
    "d": "0",
    "answer": "d"
  },
  {
    "question": "How many golf courses is the Bob Hope Desert Classic played on?",
    "a": "4",
    "b": "3",
    "c": "2",
    "d": "1",
    "answer": "a"
  },
  {
    "question": "Which Cincinatti Red owned a restaurant named \"Home Plate\"?",
    "a": "Johnny Bench",
    "b": "Pete Rose",
    "c": "Ted Abernathy",
    "d": "George Foster",
    "answer": "a"
  },
  {
    "question": "How many games did the Baltimore Colts win in the 1982 NFL season?",
    "a": "4",
    "b": "5",
    "c": "10",
    "d": "0",
    "answer": "d"
  },
  {
    "question": "Which stadium was the 1st to host 2 Super Bowls?",
    "a": "Rose Bowl",
    "b": "Orange Bowl",
    "c": "Astrodome",
    "d": "Stanford Stadium",
    "answer": "b"
  },
  {
    "question": "Who became the highest paid manager in baseball history on Jan 11, 198",
    "a": "Pete Rose",
    "b": "Jackie Robinson",
    "c": "Billy Martin",
    "d": "Walter Alston",
    "answer": "c"
  },
  {
    "question": "On what par hole does golfer Tom Watson always use a broken tee?",
    "a": "3",
    "b": "4",
    "c": "5",
    "d": "He never does.",
    "answer": "a"
  },
  {
    "question": "What is the nickname of Wisconsin's football team?",
    "a": "The Huskies",
    "b": "The Bears",
    "c": "The Beavers",
    "d": "The Badgers",
    "answer": "d"
  },
  {
    "question": "Which of the following IS NOT associated with Byron White?",
    "a": "nicknamed \"Whizzer\"",
    "b": "Oklahoma football",
    "c": "car salesman",
    "d": "US Supreme Court",
    "answer": "c"
  },
  {
    "question": "How many pre-season games do NFL teams play each year?",
    "a": "2",
    "b": "3",
    "c": "4",
    "d": "5",
    "answer": "c"
  },
  {
    "question": "Which leg of the Triple Crown did Northern Dancer fail?",
    "a": "None",
    "b": "Belmont Stakes",
    "c": "Preakness Stakes",
    "d": "Kentucky Derby",
    "answer": "b"
  },
  {
    "question": "What salary did Willie Mays earn in 1963, then baseball's highest?",
    "a": "$50,000",
    "b": "$75,000",
    "c": "$100,000",
    "d": "$150,000",
    "answer": "c"
  },
  {
    "question": "The penalty for a receiver pushing an official to make a catch is:",
    "a": "15 yards",
    "b": "loss of down",
    "c": "5 yards",
    "d": "no penalty...legal",
    "answer": "d"
  },
  {
    "question": "Who was the first golfer to amass 2 million dollars in winnings?",
    "a": "Arnold Palmer",
    "b": "Jack Nicklaus",
    "c": "Lee Trevino",
    "d": "Gary Player",
    "answer": "b"
  },
  {
    "question": "Which of the following coaches has never played a single season?",
    "a": "Bill Walsh",
    "b": "Chuck Knox",
    "c": "Red Miller",
    "d": "All of above.",
    "answer": "d"
  },
  {
    "question": "What is the name of the game played in the World Series of Poker?",
    "a": "Five Card Stud",
    "b": "Texas Hold'em",
    "c": "Lowball",
    "d": "Five Card Draw",
    "answer": "b"
  },
  {
    "question": "A Cape Cod Knockabout is what kind of vehicle?",
    "a": "a bicycle",
    "b": "a dune buggy",
    "c": "a sailboat",
    "d": "a hovercraft",
    "answer": "c"
  },
  {
    "question": "What NFL team's phone number is (617) 543-7911?",
    "a": "Kansas City Chiefs",
    "b": "Los Angeles Raiders",
    "c": "San Francisco 49ers",
    "d": "N.England Patriots",
    "answer": "d"
  },
  {
    "question": "In what country was Rubik's Cube invented?",
    "a": "United States",
    "b": "Hungary",
    "c": "Yugoslavia",
    "d": "Japan",
    "answer": "b"
  },
  {
    "question": "How many times did Mickey Mantle's knees have surgery as a Yankee?",
    "a": "none",
    "b": "twice",
    "c": "3 times",
    "d": "5 times",
    "answer": "d"
  },
  {
    "question": "What's the first team statistical entry in a football game summary?",
    "a": "Total Yardage",
    "b": "Turnovers",
    "c": "First Downs",
    "d": "Q-back Sacks",
    "answer": "c"
  },
  {
    "question": "What was the first Super Bowl to be referred to with Roman numerals?",
    "a": "Super Bowl V",
    "b": "Super Bowl IV",
    "c": "Super Bowl I",
    "d": "Super Bowl X",
    "answer": "a"
  },
  {
    "question": "An NFL team is penalized how many yards for a deliberate face mask?",
    "a": "5 yards",
    "b": "10 yards",
    "c": "15 yards",
    "d": "20 yards",
    "answer": "c"
  },
  {
    "question": "An NFL team is penalized how many yards for an incidental face mask?",
    "a": "5 yards",
    "b": "10 yards",
    "c": "15 yards",
    "d": "20 yards",
    "answer": "a"
  },
  {
    "question": "Who kicked the longest field goal in NFL history?",
    "a": "Ray Wersching",
    "b": "Tom Dempsey",
    "c": "Chris Bahr",
    "d": "Morten Andersen",
    "answer": "b"
  },
  {
    "question": "How many teams debuted in the USFL in 1983?",
    "a": "7",
    "b": "10",
    "c": "12",
    "d": "14",
    "answer": "c"
  },
  {
    "question": "What number did Joe Montana wear at Notre Dame?",
    "a": "16",
    "b": "4",
    "c": "3",
    "d": "22",
    "answer": "c"
  },
  {
    "question": "What beer makes awards to the NFL outstanding linemen each year?",
    "a": "Lite Beer",
    "b": "Schlitz Beer",
    "c": "Coors Beer",
    "d": "Budweiser Beer",
    "answer": "d"
  },
  {
    "question": "What's the maximum number of yards a quarterback can throw in 1 play?",
    "a": "100",
    "b": "99",
    "c": "95",
    "d": "no maximum",
    "answer": "b"
  },
  {
    "question": "In what year did the Chicago White Sox throw the World Series?",
    "a": "1911",
    "b": "1909",
    "c": "1910",
    "d": "1919",
    "answer": "d"
  },
  {
    "question": "How many points has each player won on a tennis game's first deuce?",
    "a": "3",
    "b": "2",
    "c": "4",
    "d": "5",
    "answer": "a"
  },
  {
    "question": "How many days suspension do Major Leaguers get for an illegal bat?",
    "a": "1",
    "b": "2",
    "c": "3",
    "d": "none",
    "answer": "c"
  },
  {
    "question": "How many Boston Celtics have won the NBA scoring title?",
    "a": "4",
    "b": "3",
    "c": "2",
    "d": "none",
    "answer": "d"
  },
  {
    "question": "What was set as minimum pay for NBA rookies in 1983-84?",
    "a": "$20,000",
    "b": "$40,000",
    "c": "$75,000",
    "d": "$100,000",
    "answer": "b"
  },
  {
    "question": "How many quarters of a mile long is a drag strip?",
    "a": "2",
    "b": "1",
    "c": "4",
    "d": "6",
    "answer": "b"
  },
  {
    "question": "How many of Sonny Liston's four career losses were to Cassius Clay",
    "a": "none",
    "b": "1",
    "c": "3",
    "d": "2",
    "answer": "d"
  },
  {
    "question": "What was the half-time score in Super Bowl IX, Steelers vs Vikings",
    "a": "0-0",
    "b": "32-32",
    "c": "27-0",
    "d": "2-0",
    "answer": "d"
  },
  {
    "question": "In what year did the Dodgers have their 1st West Coast season?",
    "a": "1960",
    "b": "1961",
    "c": "1958",
    "d": "1956",
    "answer": "c"
  },
  {
    "question": "What NFL team originally drafted quarterback Joe Theismann?",
    "a": "Miami Dolphins",
    "b": "Cincinatti Bengals",
    "c": "Washington Redskins",
    "d": "San Francisco 49ers",
    "answer": "a"
  },
  {
    "question": "In Blackjack, the dealer must offer insurance if his hand has...",
    "a": "a face card showing",
    "b": "an ace showing",
    "c": "a 16 showing",
    "d": "any chance to win",
    "answer": "b"
  },
  {
    "question": "Which was the first team to fail to score a touchdown in a Super Bowl?",
    "a": "Miami Dolphins",
    "b": "Minnasota Vikings",
    "c": "Dallas Cowboys",
    "d": "Green Bay Packers",
    "answer": "a"
  },
  {
    "question": "How many NHL goaltenders have been team captains?",
    "a": "0",
    "b": "2",
    "c": "20",
    "d": "16",
    "answer": "a"
  },
  {
    "question": "Don Larsen pitched a perfect World Series game. On that day, his wife",
    "a": "had a baby.",
    "b": "died.",
    "c": "knit him a pennant.",
    "d": "divorced him.",
    "answer": "d"
  },
  {
    "question": "What are raced in the 12-mile 500 each year in Indiana?",
    "a": "Tractors",
    "b": "Horses",
    "c": "Cars",
    "d": "Lawn Mowers",
    "answer": "d"
  },
  {
    "question": "Who was the first NHL player to score 50+ goals in one season?",
    "a": "Red Hay",
    "b": "Murray Balfour",
    "c": "Bobby Hull",
    "d": "Bobby Orr",
    "answer": "c"
  },
  {
    "question": "The Canadian Football League awards what Trophy?",
    "a": "Grey Cup",
    "b": "Gold Cup",
    "c": "Silver Cup",
    "d": "White Chalice",
    "answer": "a"
  },
  {
    "question": "Hank Aaron's primary position with the Milwaukee Brewers was:",
    "a": "Shortstop",
    "b": "Firstbase",
    "c": "Outfielder",
    "d": "Designated hitter",
    "answer": "d"
  },
  {
    "question": "What number did Gerald Ford wear as a center for Michigan?",
    "a": "32",
    "b": "48",
    "c": "00",
    "d": "77",
    "answer": "b"
  },
  {
    "question": "How long, in meters, is the only Olympic walking race?",
    "a": "10,000",
    "b": "20,000",
    "c": "30,000",
    "d": "40,000",
    "answer": "b"
  },
  {
    "question": "In Craps, to bet with the shooter, you bet on the:",
    "a": "Field",
    "b": "Pass line",
    "c": "Don't Pass line",
    "d": "C & E",
    "answer": "b"
  },
  {
    "question": "What member of the Cincinnati Reds wore number 15?",
    "a": "Joe Morgan",
    "b": "Johnny Bench",
    "c": "Pete Rose",
    "d": "George Foster",
    "answer": "d"
  },
  {
    "question": "In 1983, what NBA star recieved an honorary doctorate from Temple U?",
    "a": "Kareem Abdul Jabbar",
    "b": "Jerry Lucas",
    "c": "Julius Erving",
    "d": "Larry Byrd",
    "answer": "c"
  },
  {
    "question": "How many games does an NBA team play in a regular season?",
    "a": "64",
    "b": "76",
    "c": "48",
    "d": "82",
    "answer": "d"
  },
  {
    "question": "Which of the following DID NOT make rookie-of-the-year in his 1st year",
    "a": "Fernando Valenzuela",
    "b": "Steve Sax",
    "c": "Steve Howe",
    "d": "Dave Lopes",
    "answer": "d"
  },
  {
    "question": "What's par on the 18th hole at Pebble Beach?",
    "a": "3",
    "b": "4",
    "c": "5",
    "d": "no such hole",
    "answer": "c"
  },
  {
    "question": "How long is an NHL timeout?",
    "a": "30 seconds",
    "b": "1 minute",
    "c": "1 minute 30 seconds",
    "d": "2 minutes",
    "answer": "a"
  },
  {
    "question": "Which was NOT an achievment of Mike Marshall's",
    "a": "Cy Young Award",
    "b": "Ph.D",
    "c": "Kinesiology career",
    "d": "won Name That Tune",
    "answer": "d"
  },
  {
    "question": "How many ride a bobsled?",
    "a": "2",
    "b": "4",
    "c": "5",
    "d": "either 2 or 4",
    "answer": "d"
  },
  {
    "question": "Who said \"Most ball games are lost, not won\"?",
    "a": "Casey Stengel",
    "b": "Billy Martin",
    "c": "Leo Durocher",
    "d": "Vince Lombardi",
    "answer": "a"
  },
  {
    "question": "With what team did Mercury Morris last carry the ball in the NFL?",
    "a": "Miami Dolphins",
    "b": "San Diego Chargers",
    "c": "San Francisco 49ers",
    "d": "Detroit Lions",
    "answer": "b"
  },
  {
    "question": "What city did the NFL Cardinals call home before St. Louis?",
    "a": "New Orleans",
    "b": "Baltimore",
    "c": "New York",
    "d": "Chicago",
    "answer": "d"
  },
  {
    "question": "How many countries competed in the first modern Olympics in 1896?",
    "a": "13",
    "b": "26",
    "c": "39",
    "d": "48",
    "answer": "a"
  },
  {
    "question": "What University did Reggie Jackson play college ball for?",
    "a": "he didn't.",
    "b": "Harvard University",
    "c": "Arizona State",
    "d": "Miami Tech",
    "answer": "c"
  },
  {
    "question": "How many feet high is Fenway Park's \"Green Monster\" wall?",
    "a": "112",
    "b": "82",
    "c": "79",
    "d": "37",
    "answer": "d"
  },
  {
    "question": "What is the correct name for a soccer field?",
    "a": "the arena",
    "b": "the tarp",
    "c": "the pitch",
    "d": "the scrub",
    "answer": "c"
  },
  {
    "question": "Which two finished 1st & 2nd in the 1966 National League batting race?",
    "a": "Matty & Felipe Alou",
    "b": "Matty & Jesus Alou",
    "c": "Jesus & Felipe Alou",
    "d": "Jesus & Matty Alou",
    "answer": "a"
  },
  {
    "question": "Fran Tarkenton started as QB in how many Super Bowls for the Vikings?",
    "a": "1",
    "b": "2",
    "c": "3",
    "d": "4",
    "answer": "c"
  },
  {
    "question": "How old was Bobby Riggs when he took on 35 yr-old Billie Jean King",
    "a": "45",
    "b": "50",
    "c": "52",
    "d": "55",
    "answer": "d"
  },
  {
    "question": "How many NFL Championship games have gone into overtime?",
    "a": "none",
    "b": "1",
    "c": "2",
    "d": "3",
    "answer": "b"
  },
  {
    "question": "How many major penalties will get an NHL goalie removed from a game?",
    "a": "3",
    "b": "2",
    "c": "1",
    "d": "4",
    "answer": "a"
  },
  {
    "question": "Roger Staubach received the Heisman Trophy while at which college?",
    "a": "Notre Dame",
    "b": "Purdue",
    "c": "Army",
    "d": "Navy",
    "answer": "d"
  },
  {
    "question": "Who was the first golfer to capture 5 U.S. Open Crowns?",
    "a": "Arnold Palmer",
    "b": "Jack Nicklaus",
    "c": "Ben Hogan",
    "d": "Lee Trevino",
    "answer": "c"
  },
  {
    "question": "Which was the last NBA team Bill Russell coached?",
    "a": "Lakers",
    "b": "76'ers",
    "c": "Supersonics",
    "d": "Knicks",
    "answer": "c"
  },
  {
    "question": "What school won the very first Rose Bowl?",
    "a": "Michigan",
    "b": "Ohio State",
    "c": "Stanford",
    "d": "Oklahoma",
    "answer": "a"
  },
  {
    "question": "How many Wimbledon Singles titles did Pancho Gonzalez win?",
    "a": "2",
    "b": "3",
    "c": "1",
    "d": "none",
    "answer": "d"
  },
  {
    "question": "How many NBA teams have winning, all-time records vs. the Celtics?",
    "a": "2",
    "b": "1",
    "c": "4",
    "d": "0",
    "answer": "d"
  },
  {
    "question": "What NFL stadium has the smallest seating capacity for football?",
    "a": "Candlestick Park",
    "b": "Oakland Colisseum",
    "c": "Soldier's Field",
    "d": "Houston Astrodome",
    "answer": "d"
  },
  {
    "question": "How many minutes long is a scoreless NFL overtime period?",
    "a": "6",
    "b": "12",
    "c": "15",
    "d": "20",
    "answer": "c"
  },
  {
    "question": "Sonny Liston won the heavyweight title vs. Floyd Patterson in round",
    "a": "1",
    "b": "3",
    "c": "5",
    "d": "7",
    "answer": "a"
  },
  {
    "question": "What's the highest possible hand in poker, using jokers?",
    "a": "Full House",
    "b": "Royal Flush",
    "c": "Straigh Flush",
    "d": "Five Aces",
    "answer": "d"
  },
  {
    "question": "In what year did the designated hitter rule make its AL debut?",
    "a": "1973",
    "b": "1935",
    "c": "1971",
    "d": "1931",
    "answer": "a"
  },
  {
    "question": "How many seasons was Reggie Jackson with the Baltimore Orioles?",
    "a": "1",
    "b": "2",
    "c": "3",
    "d": "none",
    "answer": "a"
  },
  {
    "question": "Eligibility for baseball's Hall of Fame requires a player be retired:",
    "a": "2 years.",
    "b": "3 years.",
    "c": "5 years.",
    "d": "8 years.",
    "answer": "c"
  },
  {
    "question": "How many football teams play in the Southeastern Conference?",
    "a": "8",
    "b": "9",
    "c": "10",
    "d": "12",
    "answer": "c"
  },
  {
    "question": "Who many Olympic basketball Gold Medals has Canada won?",
    "a": "1",
    "b": "0",
    "c": "2",
    "d": "3",
    "answer": "b"
  },
  {
    "question": "What's the NFL record for most points in a shutout victory?",
    "a": "42",
    "b": "54",
    "c": "64",
    "d": "72",
    "answer": "c"
  },
  {
    "question": "How many shoes does a player throw in a frame of horseshoe pitching?",
    "a": "2",
    "b": "4",
    "c": "5",
    "d": "8",
    "answer": "a"
  },
  {
    "question": "How many feet above the crossbar do the NFL goalpost uprights extend?",
    "a": "15",
    "b": "20",
    "c": "25",
    "d": "10",
    "answer": "b"
  },
  {
    "question": "How many players are on the court in an official Volleyball game?",
    "a": "6",
    "b": "8",
    "c": "10",
    "d": "12",
    "answer": "d"
  },
  {
    "question": "How many points is a perfect score in international figure skating?",
    "a": "6",
    "b": "8",
    "c": "10",
    "d": "12",
    "answer": "a"
  },
  {
    "question": "What war cost the lives of 21 NFL players?",
    "a": "Viet Nam",
    "b": "Korean",
    "c": "World War II",
    "d": "World War I",
    "answer": "c"
  },
  {
    "question": "How many pockets are there on a true billiard table?",
    "a": "4",
    "b": "6",
    "c": "8",
    "d": "0",
    "answer": "d"
  },
  {
    "question": "Which is the first stadium equipped with artificial turf?",
    "a": "Pontiac Silverdome",
    "b": "Seattle Superdome",
    "c": "Mile High Stadium",
    "d": "Houston Astrodome",
    "answer": "d"
  },
  {
    "question": "How many points is a touchdown worth in the World Football League",
    "a": "6",
    "b": "7",
    "c": "8",
    "d": "5",
    "answer": "b"
  },
  {
    "question": "What country invented bowling?",
    "a": "Poland",
    "b": "Japan",
    "c": "United States",
    "d": "Germany",
    "answer": "d"
  },
  {
    "question": "How many Gold Medals has Mark Spitz accumulated?",
    "a": "9",
    "b": "7",
    "c": "5",
    "d": "6",
    "answer": "a"
  },
  {
    "question": "How many games does an NHL team play in a regular season?",
    "a": "32",
    "b": "64",
    "c": "80",
    "d": "116",
    "answer": "c"
  },
  {
    "question": "How many times was the Rose Bowl played other than in Pasadena, CA?",
    "a": "never",
    "b": "once",
    "c": "twice",
    "d": "6 times",
    "answer": "b"
  },
  {
    "question": "The major league career record for number of times hit by a pitch is:",
    "a": "67 times",
    "b": "82 times",
    "c": "114 times",
    "d": "243 times",
    "answer": "d"
  },
  {
    "question": "What 2 baseball teams were involved in the infamous 1984 season brawl?",
    "a": "Tigers and Giants",
    "b": "Astros and Yankees",
    "c": "Padres and Braves",
    "d": "Angels and Red Sox",
    "answer": "c"
  },
  {
    "question": "In what year was the Heisman Trophy first awarded?",
    "a": "1946",
    "b": "1942",
    "c": "1941",
    "d": "1935",
    "answer": "d"
  },
  {
    "question": "How many women's names are inscribed on hockey's Stanley Cup?",
    "a": "10",
    "b": "3",
    "c": "1",
    "d": "none",
    "answer": "c"
  },
  {
    "question": "Who is credited with naming the Super Bowl?",
    "a": "Vince Lombardi",
    "b": "President Johnson",
    "c": "Lamar Hunt",
    "d": "Duffy Daugherty",
    "answer": "c"
  },
  {
    "question": "How many times did Hank Aaron hit more than 50 runs in a season?",
    "a": "2",
    "b": "3",
    "c": "1",
    "d": "0",
    "answer": "d"
  },
  {
    "question": "How many yards is the penalty for fair-catch interference in the NFL",
    "a": "none",
    "b": "5",
    "c": "10",
    "d": "15",
    "answer": "d"
  },
  {
    "question": "How many innings was the longest game in organized baseball history",
    "a": "27",
    "b": "29",
    "c": "30",
    "d": "33",
    "answer": "d"
  },
  {
    "question": "Vince Lombardi and Brian Picollo both died in...",
    "a": "1968",
    "b": "1972",
    "c": "1975",
    "d": "1970",
    "answer": "d"
  },
  {
    "question": "Whose Super Bowl Ring was sold to a pawnbroker in 1978 for $100?",
    "a": "Fran Tarkenton's",
    "b": "Joe Namath's",
    "c": "Terry Bradshaw's",
    "d": "Lyle Alzado's",
    "answer": "b"
  },
  {
    "question": "Which horse holds the record for the fastest Kentucky Derby time?",
    "a": "Citation",
    "b": "Man O' War",
    "c": "Seattle Slew",
    "d": "Secretariat",
    "answer": "d"
  },
  {
    "question": "What automobile racing oval sports a 9-hole golf course infield?",
    "a": "Daytona Speedway",
    "b": "Laguna Seca",
    "c": "Indianapolis",
    "d": "Sears Point",
    "answer": "c"
  },
  {
    "question": "Which brand of footwear does Kareem Abdul-Jabbar endorse?",
    "a": "Nike",
    "b": "Adidas",
    "c": "Keds",
    "d": "K-Mart Kwiks",
    "answer": "b"
  },
  {
    "question": "How many Olympic Games has London hosted?",
    "a": "none",
    "b": "1",
    "c": "2",
    "d": "3",
    "answer": "c"
  },
  {
    "question": "How many days does it take to complete a Decathlon?",
    "a": "10",
    "b": "4",
    "c": "2",
    "d": "1",
    "answer": "c"
  },
  {
    "question": "Which was the 1st NFL team to win a Super Bowl as a Wild Card team?",
    "a": "Pittsburgh Steelers",
    "b": "San Francisco 49ers",
    "c": "Oakland Raiders",
    "d": "Washington Redskins",
    "answer": "c"
  },
  {
    "question": "In the video game, Donkey Kong, the little man's name is:",
    "a": "Julio",
    "b": "Mario",
    "c": "Roberto",
    "d": "Marco",
    "answer": "b"
  },
  {
    "question": "Another name for a Rum-and-Coke is:",
    "a": "Pina Colada",
    "b": "Grasshopper",
    "c": "Cuba Libre",
    "d": "Southern Comfort",
    "answer": "c"
  },
  {
    "question": "How many NCAA championships did basketball's Bill Walton help win?",
    "a": "none",
    "b": "1",
    "c": "3",
    "d": "2",
    "answer": "d"
  },
  {
    "question": "How many weeks did the 1982 NFL players's strike last?",
    "a": "6",
    "b": "7",
    "c": "8",
    "d": "9",
    "answer": "c"
  },
  {
    "question": "How many years does Steve Garvey's $6,600,000 Padres contract cover?",
    "a": "3",
    "b": "6",
    "c": "5",
    "d": "4",
    "answer": "c"
  },
  {
    "question": "What gives better odds--betting the pass line in craps, or don't pass?",
    "a": "pass line",
    "b": "don't pass",
    "c": "neither--same odds",
    "d": "both--no difference",
    "answer": "b"
  },
  {
    "question": "How many TD's did Gale Sayers score against the 49ers on 12/12/65?",
    "a": "none",
    "b": "2",
    "c": "4",
    "d": "6",
    "answer": "d"
  },
  {
    "question": "How many rounds did George Chuvalo go against Cassius Clay in 1966?",
    "a": "1",
    "b": "2",
    "c": "8",
    "d": "15",
    "answer": "d"
  },
  {
    "question": "In what month is the New York City Marathon run?",
    "a": "April",
    "b": "May",
    "c": "September",
    "d": "October",
    "answer": "d"
  },
  {
    "question": "What country has won the most Gold Medals in the modern-day Olympics?",
    "a": "USSR",
    "b": "USA",
    "c": "East Germany",
    "d": "West Germany",
    "answer": "b"
  },
  {
    "question": "What city was once the home of an NHL team named The Pirates?",
    "a": "Pittsburgh",
    "b": "Petaluma",
    "c": "Poughkeepsie",
    "d": "Pontiac",
    "answer": "a"
  },
  {
    "question": "What team's defensive backfield is known as \"The Hot Licks\"?",
    "a": "Miami Dolphins",
    "b": "Pittsburgh Steelers",
    "c": "Buffalo Bills",
    "d": "San Francisco 49ers",
    "answer": "d"
  },
  {
    "question": "Who did SPORT magazine name \"Hockey Player of the Century\" in 1971?",
    "a": "Bobby Orr",
    "b": "Bobby Hull",
    "c": "Terry Sawchuck",
    "d": "Gordie Howe",
    "answer": "d"
  },
  {
    "question": "What does a \"bird dog\" do?",
    "a": "film games",
    "b": "catch fly balls",
    "c": "manages batboys",
    "d": "scouts",
    "answer": "d"
  },
  {
    "question": "Who was the first tennis pro to earn $1 million in one year?",
    "a": "Jimmy Connors",
    "b": "John McEnroe",
    "c": "Billie Jean King",
    "d": "Bjorn Borg",
    "answer": "d"
  },
  {
    "question": "What is the maximum weight of a 10-pin bowling ball?",
    "a": "10 lbs.",
    "b": "15 lbs.",
    "c": "16 lbs.",
    "d": "18 lbs.",
    "answer": "c"
  },
  {
    "question": "In which city do the Golden State Warriors play their home games?",
    "a": "San Francisco",
    "b": "Los Angeles",
    "c": "Riverside, CA",
    "d": "Oakland, CA",
    "answer": "d"
  },
  {
    "question": "What was the average annual salary of an NBA player in 1982-83?",
    "a": "$50,000",
    "b": "$100,000",
    "c": "$200,000",
    "d": "$250,000",
    "answer": "d"
  },
  {
    "question": "What Swiss town is the home of the International Olympic Committee?",
    "a": "Grenoble",
    "b": "Basel",
    "c": "Geneva",
    "d": "Lucerne",
    "answer": "d"
  },
  {
    "question": "Which was the last NFL team to have an all-white roster?",
    "a": "Washington Redskins",
    "b": "Miami Dolphins",
    "c": "Chicago Bears",
    "d": "New York Giants",
    "answer": "a"
  },
  {
    "question": "How many basketball games did UCLA lose while Lew Alcindor played?",
    "a": "26",
    "b": "13",
    "c": "7",
    "d": "2",
    "answer": "d"
  },
  {
    "question": "What position did Janet Guthrie race to in the 1978 Indy 500?",
    "a": "1st",
    "b": "4th",
    "c": "9th",
    "d": "25th",
    "answer": "c"
  },
  {
    "question": "What figure skater married Dean Martin's son?",
    "a": "Peggy Fleming",
    "b": "Jo Jo Starbuck",
    "c": "Dorothy Hamill",
    "d": "Cathy Rigby",
    "answer": "c"
  },
  {
    "question": "Which NL baseball team's telephone number is (213) 224-1500?",
    "a": "New York Mets",
    "b": "Chicago Cubs",
    "c": "S.Francisco Giants",
    "d": "Los Angeles Dodgers",
    "answer": "d"
  },
  {
    "question": "Which was the first American thoroughbred to win $1 million?",
    "a": "Citation",
    "b": "Man O' War",
    "c": "Seattle Slew",
    "d": "Secretariat",
    "answer": "a"
  },
  {
    "question": "What game sports the fastest moving ball?",
    "a": "Golf",
    "b": "Baseball",
    "c": "Tennis",
    "d": "Jai-Alai",
    "answer": "d"
  },
  {
    "question": "In what year did Women's Basketball become a part of The Olympics?",
    "a": "1928",
    "b": "1956",
    "c": "1967",
    "d": "1976",
    "answer": "d"
  },
  {
    "question": "What brand of footwear is endorsed by Dr. J?",
    "a": "Adidas",
    "b": "Nike",
    "c": "Converse",
    "d": "Keds",
    "answer": "c"
  },
  {
    "question": "What NFL team's pass rush was known as \"The Silver Rush\"?",
    "a": "Oakland Raiders",
    "b": "Dallas Cowboys",
    "c": "St. Louis Cardinals",
    "d": "Detroit Lions",
    "answer": "d"
  },
  {
    "question": "What hockey sensation was profiled in Sports Illustrated at age 16?",
    "a": "Gordie Howe",
    "b": "Bobby Hull",
    "c": "Bobby Orr",
    "d": "Wayne Gretzky",
    "answer": "d"
  },
  {
    "question": "What was the score of the 1980 U.S. and U.S.S.R. Olympic hockey game?",
    "a": "2-1",
    "b": "3-2",
    "c": "4-3",
    "d": "5-4",
    "answer": "c"
  },
  {
    "question": "This famous person was once a scout for the Chicago Cubs",
    "a": "Ronald Reagan",
    "b": "John Forsythe",
    "c": "Jack Benny",
    "d": "Bing Crosby",
    "answer": "c"
  },
  {
    "question": "In how many Super Bowl games did O.J. Simpson play?",
    "a": "3",
    "b": "2",
    "c": "1",
    "d": "0",
    "answer": "d"
  },
  {
    "question": "In how many Rose Bowl games did O.J. Simpson play?",
    "a": "3",
    "b": "2",
    "c": "1",
    "d": "0",
    "answer": "a"
  },
  {
    "question": "How many times has the Indy 500 been cancelled for bad weather?",
    "a": "2 times",
    "b": "4 times",
    "c": "1 time",
    "d": "never",
    "answer": "d"
  },
  {
    "question": "How many more umpires are in World Series play, compared to in-season",
    "a": "none",
    "b": "1",
    "c": "2",
    "d": "actually less",
    "answer": "c"
  },
  {
    "question": "How many seconds does an NFL team have to put the ball in play?",
    "a": "15",
    "b": "20",
    "c": "30",
    "d": "45",
    "answer": "c"
  },
  {
    "question": "Which of the following video games is not a product of Atari, Inc.?",
    "a": "Pole Position",
    "b": "Asteroids",
    "c": "Pong",
    "d": "Donkey Kong",
    "answer": "d"
  },
  {
    "question": "In craps, which of these numbers is NOT in the \"field\"?",
    "a": "2",
    "b": "12",
    "c": "9",
    "d": "8",
    "answer": "d"
  },
  {
    "question": "In Madison Square Garden, how thick is the hockey rink ice?",
    "a": "3 inches",
    "b": "2.25 inches",
    "c": "1 inch",
    "d": "5/8 of an inch",
    "answer": "d"
  },
  {
    "question": "What color is the center line on an NHL hockey rink?",
    "a": "blue",
    "b": "red",
    "c": "black",
    "d": "no such line",
    "answer": "b"
  },
  {
    "question": "How many Masters golf titles did Arnold Palmer win?",
    "a": "none",
    "b": "2",
    "c": "4",
    "d": "8",
    "answer": "c"
  },
  {
    "question": "What movie was set against Super Bowl X?",
    "a": "Heaven Can Wait",
    "b": "Number One",
    "c": "Black Sunday",
    "d": "How I Won Number VI",
    "answer": "c"
  },
  {
    "question": "How many were on base for Mudville when the Mighty Casey struck out?",
    "a": "none",
    "b": "1",
    "c": "2",
    "d": "3",
    "answer": "c"
  },
  {
    "question": "What team has captured the most NFL championships?",
    "a": "Pittsburgh Steelers",
    "b": "Green Bay Packers",
    "c": "Houston Oilers",
    "d": "Oakland Raiders",
    "answer": "b"
  },
  {
    "question": "What level of players competes for baseball's Golden Spikes awards?",
    "a": "Little League",
    "b": "Major League",
    "c": "Minor League",
    "d": "College",
    "answer": "d"
  },
  {
    "question": "How many inches high is baseball's pitching mound?",
    "a": "6 inches",
    "b": "8 inches",
    "c": "10 inches",
    "d": "12 inches",
    "answer": "c"
  },
  {
    "question": "In chess, which piece has the highest assigned point value?",
    "a": "pawn",
    "b": "bishop",
    "c": "knight",
    "d": "rook",
    "answer": "d"
  },
  {
    "question": "In which direction do speed skaters race?",
    "a": "Clockwise",
    "b": "Counterclockwise",
    "c": "Both",
    "d": "Neither",
    "answer": "b"
  },
  {
    "question": "How many NBA titles have the New York Knicks won?",
    "a": "none",
    "b": "1",
    "c": "2",
    "d": "4",
    "answer": "c"
  },
  {
    "question": "Who did Notre Dame beat when Knute Rockne said \"Win 1 for The Gipper\"",
    "a": "Navy",
    "b": "Army",
    "c": "Air Force",
    "d": "Rutgers",
    "answer": "b"
  },
  {
    "question": "At which British University was the first under-4 minute mile run?",
    "a": "Oxford",
    "b": "Cambridge",
    "c": "London Economics",
    "d": "Royal Academy",
    "answer": "a"
  },
  {
    "question": "What's the oldest college football bowl game?",
    "a": "Pioneer Bowl",
    "b": "Sugar Bowl",
    "c": "Ivy Bowl",
    "d": "Rose Bowl",
    "answer": "d"
  },
  {
    "question": "With the bases empty, how much time does the pitcher have to pitch?",
    "a": "10 seconds",
    "b": "20 seconds",
    "c": "1 minute",
    "d": "no limit",
    "answer": "b"
  },
  {
    "question": "What did the ancient Greeks use to make the first discus?",
    "a": "Stone",
    "b": "Gold",
    "c": "Silver",
    "d": "Wood",
    "answer": "a"
  },
  {
    "question": "What other professional sport did \"Too Tall Jones\" take a stab at?",
    "a": "Baseball",
    "b": "Basketball",
    "c": "Soccer",
    "d": "Boxing",
    "answer": "d"
  },
  {
    "question": "When did Pete Rozelle announce the NFL-AFL merger?",
    "a": "June 8, 1966",
    "b": "May 27, 1967",
    "c": "June 10, 1967",
    "d": "January 1, 1965",
    "answer": "a"
  },
  {
    "question": "In what year did the NBA adopt the three-point field goal?",
    "a": "1975",
    "b": "1979",
    "c": "1981",
    "d": "1980",
    "answer": "b"
  },
  {
    "question": "Who did the US beat for the gold in basketball at the 1976 Olympics?",
    "a": "Canada",
    "b": "Russia",
    "c": "Poland",
    "d": "Yugoslavia",
    "answer": "d"
  },
  {
    "question": "What's the nickname of the Oregon State football squad?",
    "a": "The Badgers",
    "b": "The Wildcats",
    "c": "The Beavers",
    "d": "The Bears",
    "answer": "c"
  },
  {
    "question": "What team did Goose Gossage break into the Majors with?",
    "a": "Chicago White Sox",
    "b": "Kansas City Royals",
    "c": "Minnasota Twins",
    "d": "Houston Astros",
    "answer": "a"
  },
  {
    "question": "What Florida city is home to the Fishing Hall of Fame?",
    "a": "Miami",
    "b": "Tampa",
    "c": "Orlando",
    "d": "Ft. Lauderdale",
    "answer": "b"
  },
  {
    "question": "What's the NFL penalty for an invalid fair catch signal?",
    "a": "5 yards",
    "b": "10 yards",
    "c": "15 yards",
    "d": "no penalty",
    "answer": "a"
  },
  {
    "question": "What are golfers asked to replace?",
    "a": "Their tees",
    "b": "Their cleats",
    "c": "Their divots",
    "d": "Their score pencils",
    "answer": "c"
  },
  {
    "question": "What sport is known informally as \"shinny\"?",
    "a": "Shin splint relays",
    "b": "Hockey",
    "c": "Pole Vaulting",
    "d": "Basketball",
    "answer": "b"
  },
  {
    "question": "What two countries compete for the Ryder Cup?",
    "a": "US and USSR",
    "b": "US and France",
    "c": "US and W.Germany",
    "d": "US and Britain",
    "answer": "d"
  },
  {
    "question": "What hockey great was known as \"The Golden Jet\"?",
    "a": "Bobby Orr",
    "b": "Gordie Howe",
    "c": "Bobby Hull",
    "d": "Wayne Gretzky",
    "answer": "c"
  },
  {
    "question": "Who called boxing \"a desperately sick sport\"?",
    "a": "Jake LaMotta",
    "b": "Muhammad Ali",
    "c": "Ronald Reagan",
    "d": "Howard Cosell",
    "answer": "d"
  },
  {
    "question": "In what year was the first Winter Olympics televised?",
    "a": "1960",
    "b": "1956",
    "c": "1964",
    "d": "1952",
    "answer": "a"
  },
  {
    "question": "In baseball, how many feet in diameter is the on-deck circle?",
    "a": "3",
    "b": "5",
    "c": "7",
    "d": "2",
    "answer": "b"
  },
  {
    "question": "Who's the leading rebounder in NBA playoff history?",
    "a": "Kareem Abdul-Jabbar",
    "b": "Bill Walton",
    "c": "Bill Russell",
    "d": "Wilt Chamberlain",
    "answer": "c"
  },
  {
    "question": "George Steinbrenner is in what business besides baseball?",
    "a": "Oil production",
    "b": "Hollywood movies",
    "c": "Ship building",
    "d": "Antique automobiles",
    "answer": "c"
  },
  {
    "question": "Which game of the 1956 World Series was Don Larsen's perfect game?",
    "a": "1st",
    "b": "3rd",
    "c": "5th",
    "d": "7th",
    "answer": "c"
  },
  {
    "question": "How many officials constitute an NFL officiating crew?",
    "a": "4",
    "b": "5",
    "c": "9",
    "d": "7",
    "answer": "d"
  },
  {
    "question": "How many timeouts per game are allowed in NHL play?",
    "a": "1",
    "b": "2",
    "c": "3",
    "d": "4",
    "answer": "a"
  },
  {
    "question": "Who is the 2nd leading rebounder in NBA playoff history?",
    "a": "Kareem Abdul-Jabbar",
    "b": "Bill Walton",
    "c": "Bill Russell",
    "d": "Wilt Chamberlain",
    "answer": "d"
  },
  {
    "question": "What college did Jim Plunkett play football for?",
    "a": "San Jose State",
    "b": "Stanford",
    "c": "USC",
    "d": "Oakland Tech",
    "answer": "b"
  },
  {
    "question": "What shoe does John McEnroe stomp during one of his temper tantrums?",
    "a": "Adidas",
    "b": "Converse",
    "c": "Keds",
    "d": "Nike",
    "answer": "d"
  },
  {
    "question": "Where is the annual Little League World Series played?",
    "a": "Sacramento, CA",
    "b": "Williamsport, PA",
    "c": "Cooperstown, NY",
    "d": "Canton, Ohio",
    "answer": "b"
  },
  {
    "question": "How many years did Jesse Owens' long jump record remain undefeated",
    "a": "4",
    "b": "8",
    "c": "16",
    "d": "25",
    "answer": "d"
  },
  {
    "question": "What 1982 NFL defensive unit was known as \"The Killer Bees\"?",
    "a": "Cincinatti Bengals",
    "b": "Tampa Bay Bucaneers",
    "c": "Miami Dolphins",
    "d": "Washington Redskins",
    "answer": "c"
  },
  {
    "question": "How much money did each player get for winning the first Super Bowl?",
    "a": "$5000",
    "b": "$12,500",
    "c": "$15,000",
    "d": "$25,000",
    "answer": "c"
  },
  {
    "question": "How many games are scheduled in one season for each major league team?",
    "a": "116",
    "b": "126",
    "c": "162",
    "d": "261",
    "answer": "c"
  },
  {
    "question": "What year was the first televised NFL game?",
    "a": "1960",
    "b": "1956",
    "c": "1948",
    "d": "1939",
    "answer": "d"
  },
  {
    "question": "In what year was the first general strike in baseball history?",
    "a": "1932",
    "b": "1952",
    "c": "1970",
    "d": "1972",
    "answer": "d"
  },
  {
    "question": "In what year was the Cy Young award first given in both major leagues?",
    "a": "1954",
    "b": "1960",
    "c": "1967",
    "d": "1971",
    "answer": "c"
  },
  {
    "question": "What company manufactures NFL footballs?",
    "a": "Spalding",
    "b": "Wilson",
    "c": "Titleist",
    "d": "Wham-O",
    "answer": "b"
  },
  {
    "question": "In what year did Roger Bannister break the 4-minute mile record?",
    "a": "1945",
    "b": "1949",
    "c": "1952",
    "d": "1954",
    "answer": "d"
  },
  {
    "question": "What city hosts the annual Army-Navy football contest?",
    "a": "Annapolis, MD",
    "b": "West Point, NY",
    "c": "Philadelphia, PA",
    "d": "Washington, D.C.",
    "answer": "c"
  },
  {
    "question": "What basketball star was known as \"The Big Dipper\"?",
    "a": "Pete Maravich",
    "b": "Bob Lanier",
    "c": "Wilt Chamberlain",
    "d": "Bill Russell",
    "answer": "c"
  },
  {
    "question": "How many Gold Medals did swimming ace Mark Spitz win in 1968?",
    "a": "2",
    "b": "5",
    "c": "7",
    "d": "9",
    "answer": "a"
  },
  {
    "question": "How many National League batting championships did Willie Mays win?",
    "a": "1",
    "b": "3",
    "c": "4",
    "d": "6",
    "answer": "a"
  },
  {
    "question": "What's the nickname of the Harvard football team?",
    "a": "The Crimson Tide",
    "b": "The Bulldogs",
    "c": "The Eli",
    "d": "The Crimson",
    "answer": "d"
  },
  {
    "question": "What brand shoe does Magic Johnson do his magic tricks in?",
    "a": "Nike",
    "b": "Adidas",
    "c": "Converse",
    "d": "Florsheim",
    "answer": "c"
  },
  {
    "question": "In what year did the NFL adopt regular season overtime?",
    "a": "1962",
    "b": "1970",
    "c": "1974",
    "d": "1980",
    "answer": "c"
  },
  {
    "question": "How many points are required to win a standard men's handball game?",
    "a": "11",
    "b": "15",
    "c": "16",
    "d": "21",
    "answer": "d"
  },
  {
    "question": "How did Knute Rockne die?",
    "a": "Plane crash",
    "b": "Auto crash",
    "c": "Lou Gehrigs disease",
    "d": "Cancer",
    "answer": "a"
  },
  {
    "question": "In 1934, what did Nazi Germany declare its official sport?",
    "a": "Riflery",
    "b": "Swimming",
    "c": "Golf",
    "d": "Archery",
    "answer": "c"
  },
  {
    "question": "What letter is the symbol for a strikeout in scoring a game?",
    "a": "S",
    "b": "C",
    "c": "K",
    "d": "X",
    "answer": "c"
  },
  {
    "question": "What American League team did Bob Hope own a piece of?",
    "a": "Houston Astros",
    "b": "Califoria Angles",
    "c": "Oakland A's",
    "d": "Cleveland Indians",
    "answer": "d"
  },
  {
    "question": "In what other sport did skater Beth Heiden win a world championship?",
    "a": "Swimming",
    "b": "Archery",
    "c": "Cycling",
    "d": "Soccer",
    "answer": "c"
  },
  {
    "question": "What NFL quarterback made Richard Nixon's White House enemies list?",
    "a": "Roman Gabriel",
    "b": "Joe Namath",
    "c": "Joe Theisman",
    "d": "Ken Stabler",
    "answer": "b"
  },
  {
    "question": "Who was the first U.S. President to attend Monday Night Football?",
    "a": "Jimmy Carter",
    "b": "Gerald Ford",
    "c": "Richard Nixon",
    "d": "Ronald Reagan",
    "answer": "a"
  },
  {
    "question": "How many Wild Card playoff games does the NFL play each season?",
    "a": "1",
    "b": "2",
    "c": "3",
    "d": "4",
    "answer": "b"
  },
  {
    "question": "What year did Monday Night Football come to TV?",
    "a": "1968",
    "b": "1970",
    "c": "1972",
    "d": "1973",
    "answer": "b"
  },
  {
    "question": "What's the base color of the San Diego Chargers' football helmet?",
    "a": "Black",
    "b": "Yellow",
    "c": "Blue",
    "d": "White",
    "answer": "c"
  },
  {
    "question": "Who was the first person to win the Indianapolis 500 four times?",
    "a": "Bobby Unser",
    "b": "Richard Petty",
    "c": "A.J. Foyt",
    "d": "Janet Guthrie",
    "answer": "c"
  },
  {
    "question": "How many times was Julius Erving named MVP in an ABA all-star game?",
    "a": "3",
    "b": "2",
    "c": "1",
    "d": "0",
    "answer": "d"
  },
  {
    "question": "Who was the 1st head coach to take 2 separate teams to the Super Bowl",
    "a": "John Madden",
    "b": "Don Shula",
    "c": "Vince Lombardi",
    "d": "Joe Gibbs",
    "answer": "b"
  },
  {
    "question": "What college basketball team is nicknamed the Tar Heels?",
    "a": "Oklahoma",
    "b": "Pennsylvania",
    "c": "Georgia",
    "d": "North Carolina",
    "answer": "d"
  },
  {
    "question": "How many Gold Medals did Olga Korbut win at the 1976 Olympics?",
    "a": "4",
    "b": "2",
    "c": "3",
    "d": "0",
    "answer": "d"
  },
  {
    "question": "What college did Bill Walsh leave to coach the San Francisco 49'ers?",
    "a": "Cal",
    "b": "Notre Dame",
    "c": "San Jose State",
    "d": "Stanford",
    "answer": "d"
  },
  {
    "question": "What`s the NFL penalty for roughing the kicker?",
    "a": "Automatic 1st down",
    "b": "15 yards",
    "c": "10 yards",
    "d": "both A and B above",
    "answer": "d"
  },
  {
    "question": "What was Cassius Clay's middle name?",
    "a": "Mario",
    "b": "Marcellus",
    "c": "Washington",
    "d": "Henry",
    "answer": "b"
  },
  {
    "question": "How much time does an NBA team get to bring the ball across midcourt?",
    "a": "5 seconds",
    "b": "10 seconds",
    "c": "15 seconds",
    "d": "20 seconds",
    "answer": "b"
  },
  {
    "question": "How many yards deep is the end zone in the Canadian Football League?",
    "a": "10",
    "b": "15",
    "c": "20",
    "d": "25",
    "answer": "d"
  },
  {
    "question": "How many pitches did Stan Musial throw in the majors?",
    "a": "0",
    "b": "1",
    "c": "5",
    "d": "10",
    "answer": "b"
  },
  {
    "question": "What color were NFL officials' flags before 1965?",
    "a": "White",
    "b": "Yellow",
    "c": "Red",
    "d": "Orange",
    "answer": "a"
  },
  {
    "question": "What's the home of the Professional Bowlers Association?",
    "a": "Akron, Ohio",
    "b": "Kansas City, Kansas",
    "c": "Warsaw, Ohio",
    "d": "Kansas City, Mo",
    "answer": "a"
  },
  {
    "question": "What major league team did Luis Tiant first go to the mound for?",
    "a": "Boston Red Sox",
    "b": "Atlanta Braves",
    "c": "Cleveland Indians",
    "d": "New York Mets",
    "answer": "c"
  },
  {
    "question": "What's traditionally the 1st event in a rodeo?",
    "a": "Calf Roping",
    "b": "Bronc Riding",
    "c": "Bareback riding",
    "d": "Clown show",
    "answer": "c"
  },
  {
    "question": "How many players have averaged 30 points a game in their NBA careers",
    "a": "0",
    "b": "7",
    "c": "4",
    "d": "1",
    "answer": "d"
  },
  {
    "question": "What NHL club introduced the flex defense?",
    "a": "Pittsburg Steelers",
    "b": "Los Angeles Rams",
    "c": "Dallas Cowboys",
    "d": "Minnesota Vikings",
    "answer": "c"
  },
  {
    "question": "What year did the NCAA start a woman's basketball championship?",
    "a": "1972",
    "b": "1977",
    "c": "1980",
    "d": "1982",
    "answer": "d"
  },
  {
    "question": "What Bowl game was played in Rome by U.S. servicemen in 1944?",
    "a": "Tokyo-Rose Bowl",
    "b": "Army-Navy Bowl",
    "c": "European Bowl",
    "d": "Spaghetti Bowl",
    "answer": "d"
  },
  {
    "question": "What number did the L.A. Raiders issue running back Marcus Allen?",
    "a": "30",
    "b": "32",
    "c": "34",
    "d": "36",
    "answer": "b"
  },
  {
    "question": "Where did Babe Ruth's body lie in state?",
    "a": "St. Patrick's Cath.",
    "b": "St. Anthony's Cath.",
    "c": "Springfield, Ill",
    "d": "Yankee Stadium",
    "answer": "d"
  },
  {
    "question": "What NBA club does Larry Weinberg own?",
    "a": "Lakers",
    "b": "76er's",
    "c": "Supersonics",
    "d": "Trail Blazers",
    "answer": "d"
  },
  {
    "question": "In what round did Muhammad Ali stop Joe Frazier in 1975?",
    "a": "1st",
    "b": "7th",
    "c": "15th",
    "d": "14th",
    "answer": "d"
  },
  {
    "question": "How many scoreless, penalty-free games are there in NHL history?",
    "a": "21",
    "b": "7",
    "c": "0",
    "d": "1",
    "answer": "d"
  }
]
